{"pos":[1396.04077,-294.012329,125.294838],"rotationMatrix":[0.713403761,0.700753212,0,-0.700753212,0.713403761,0,0,0,0.999999881],"scale":1.18725264,"type":"oak_beech_wallblocker_long"}
{"pos":[1451.53955,-157.581833,123.93428],"rotationMatrix":[-0.930706382,-0.365767211,0,0.365767211,-0.930706382,0,0,0,0.999999881],"scale":1.12954569,"type":"oak_beech_wallblocker_long"}
{"pos":[1434.40295,-146.96785,119.736359],"rotationMatrix":[0.299876511,0.953978002,0,-0.953978002,0.299876511,0,0,0,0.999999881],"scale":1.07158375,"type":"oak_beech_wallblocker_long"}
{"pos":[1433.65442,-170.786194,120.823776],"rotationMatrix":[-0.30503431,0.952341259,0,-0.952341259,-0.30503431,0,0,0,0.999999881],"scale":0.937638104,"type":"oak_beech_wallblocker_long"}
{"pos":[1437.05444,-194.765289,121.432709],"rotationMatrix":[0.55188781,-0.833918214,0,0.833918214,0.55188781,0,0,0,0.999999881],"scale":0.845767975,"type":"oak_beech_wallblocker_long"}
{"pos":[1420.57275,-140.022476,118.221146],"rotationMatrix":[0.456236899,0.889858365,0,-0.889858365,0.456236899,0,0,0,0.999999881],"scale":1.12971973,"type":"oak_beech_wallblocker_long"}
{"pos":[56.4692764,-319.320038,107.220703],"rotationMatrix":[0.954798281,-0.297254145,0,0.297254145,0.954798281,0,-0,0,0.999999881],"scale":0.924156249,"type":"oak_beech_wallblocker_long"}
{"pos":[53.4471817,-311.216553,108.581238],"rotationMatrix":[0.957807958,0.287408799,0,-0.287408799,0.957807958,-0,-0,0,0.999999881],"scale":1.19889796,"type":"oak_beech_wallblocker_long"}
{"pos":[73.7814789,-263.618469,106.566284],"rotationMatrix":[0.949196994,0.314682394,0,-0.314682394,0.949196994,-0,-0,0,0.999999881],"scale":1.00330794,"type":"oak_beech_wallblocker_long"}
{"pos":[114.594856,-246.989746,107.251305],"rotationMatrix":[0.713679373,0.700472534,0,-0.700472534,0.713679373,-0,-0,0,0.999999881],"scale":1.16439748,"type":"oak_beech_wallblocker_long"}
{"pos":[133.192352,-241.772659,106.516716],"rotationMatrix":[0.458042234,-0.888930321,0,0.888930321,0.458042234,0,-0,0,0.999999881],"scale":0.915870607,"type":"oak_beech_wallblocker_long"}
{"pos":[161.078354,-230.536301,106.472115],"rotationMatrix":[0.00465361169,0.999989033,0,-0.999989033,0.00465361169,-0,-0,0,0.999999881],"scale":1.05650163,"type":"oak_beech_wallblocker_long"}
{"pos":[43.6427155,-295.570374,109.181854],"rotationMatrix":[-0.0124921557,0.999921918,-0,-0.999921918,-0.0124921557,0,-0,0,0.999999881],"scale":0.954977036,"type":"oak_beech_wallblocker_long"}
{"pos":[7.7310667,-368.409851,104.959854],"rotationMatrix":[-0.977881074,-0.209161192,0,0.209161192,-0.977881074,0,-0,0,0.999999881],"scale":0.856546283,"type":"oak_beech_wallblocker_long"}
{"pos":[-49.6574059,-376.107697,103.32637],"rotationMatrix":[-0.829423368,-0.558620393,0,0.558620393,-0.829423368,0,-0,0,0.999999881],"scale":1.16977203,"type":"oak_beech_wallblocker_long"}
{"pos":[-70.8742142,-374.640747,104.419327],"rotationMatrix":[-0.752478898,0.658616066,-0,-0.658616066,-0.752478898,0,-0,0,0.999999881],"scale":0.882568598,"type":"oak_beech_wallblocker_long"}
{"pos":[-145.572739,-377.551056,104.46312],"rotationMatrix":[0.997728765,-0.0673575625,0,0.0673575625,0.997728765,0,-0,0,0.999999881],"scale":0.936163783,"type":"oak_beech_wallblocker_long"}
{"pos":[-153.208694,-379.659485,103.595222],"rotationMatrix":[-0.493294209,0.869862378,-0,-0.869862378,-0.493294209,0,-0,0,0.999999881],"scale":1.17577267,"type":"oak_beech_wallblocker_long"}
{"pos":[-159.164993,-375.620575,103.976471],"rotationMatrix":[-0.36668542,-0.93034488,0,0.93034488,-0.36668542,0,-0,0,0.999999881],"scale":0.960055828,"type":"oak_beech_wallblocker_long"}
{"pos":[-221.499298,-308.107422,103.183922],"rotationMatrix":[-0.612228274,0.790680826,-0,-0.790680826,-0.612228274,0,-0,0,0.999999881],"scale":0.868528545,"type":"oak_beech_wallblocker_long"}
{"pos":[-235.583725,-340.167511,103.869469],"rotationMatrix":[-0.890425503,-0.455129057,0,0.455129057,-0.890425503,0,-0,0,0.999999881],"scale":0.919242501,"type":"oak_beech_wallblocker_long"}
{"pos":[-223.495651,-311.99646,103.2668],"rotationMatrix":[-0.714796484,0.699332416,-0,-0.699332416,-0.714796484,0,-0,0,0.999999881],"scale":0.993521571,"type":"oak_beech_wallblocker_long"}
{"pos":[-83.6130981,-374.305054,104.190857],"rotationMatrix":[-0.540182233,-0.841548026,0,0.841548026,-0.540182233,0,-0,0,0.999999881],"scale":1.1574769,"type":"oak_beech_wallblocker_long"}
{"pos":[-115.814766,-376.873749,102.686066],"rotationMatrix":[-0.417652667,-0.908606648,0,0.908606648,-0.417652667,0,-0,0,0.999999881],"scale":1.14199543,"type":"oak_beech_wallblocker_long"}
{"pos":[-196.083557,-255.954819,103.329285],"rotationMatrix":[-0.476606667,-0.879116654,0,0.879116654,-0.476606667,0,-0,0,0.999999881],"scale":0.997312844,"type":"oak_beech_wallblocker_long"}
{"pos":[-196.091446,-228.766388,102.766846],"rotationMatrix":[0.341627866,-0.93983525,0,0.93983525,0.341627866,0,-0,0,0.999999881],"scale":0.881782591,"type":"oak_beech_wallblocker_long"}
{"pos":[-191.119934,-174.167786,102.994637],"rotationMatrix":[-0.228930205,-0.973442733,0,0.973442733,-0.228930205,0,-0,0,0.999999881],"scale":1.17013049,"type":"oak_beech_wallblocker_long"}
{"pos":[-195.753235,-142.444229,105.190651],"rotationMatrix":[0.911077023,0.412236065,0,-0.412236065,0.911077023,-0,-0,0,0.999999881],"scale":0.969662309,"type":"oak_beech_wallblocker_long"}
{"pos":[-196.972137,-96.9787979,102.431038],"rotationMatrix":[0.47188139,-0.881661952,0,0.881661952,0.47188139,0,-0,0,0.999999881],"scale":0.960113168,"type":"oak_beech_wallblocker_long"}
