{"pos":[1396.04077,-294.012329,125.294838],"rotationMatrix":[0.713403761,0.700753212,0,-0.700753212,0.713403761,-0,-0,0,0.999999881],"scale":1.18725264,"type":"oak_beech_wallblocker_long"}
{"pos":[1451.53955,-157.581833,123.93428],"rotationMatrix":[-0.930706382,-0.365767211,0,0.365767211,-0.930706382,0,-0,0,0.999999881],"scale":1.12954569,"type":"oak_beech_wallblocker_long"}
{"pos":[1434.40295,-146.96785,119.736359],"rotationMatrix":[0.299876511,0.953978002,0,-0.953978002,0.299876511,-0,-0,0,0.999999881],"scale":1.07158375,"type":"oak_beech_wallblocker_long"}
{"pos":[1433.65442,-170.786194,120.823776],"rotationMatrix":[-0.30503431,0.952341259,-0,-0.952341259,-0.30503431,0,-0,0,0.999999881],"scale":0.937638104,"type":"oak_beech_wallblocker_long"}
{"pos":[1437.05444,-194.765289,121.432709],"rotationMatrix":[0.55188781,-0.833918214,0,0.833918214,0.55188781,0,-0,0,0.999999881],"scale":0.845767975,"type":"oak_beech_wallblocker_long"}
{"pos":[1420.57275,-140.022476,118.221146],"rotationMatrix":[0.456236899,0.889858365,0,-0.889858365,0.456236899,-0,-0,0,0.999999881],"scale":1.12971973,"type":"oak_beech_wallblocker_long"}
