{"pos":[1398.25793,-288.720764,125.397972],"rotationMatrix":[0.169062003,-0.985605299,0,0.985605299,0.169062003,0,-0,0,0.999999881],"scale":0.971611381,"type":"tree_beech_forest_a"}
{"pos":[1390.78406,-297.74884,124.328377],"rotationMatrix":[-0.320015311,-0.947412312,0,0.947412312,-0.320015311,0,-0,0,0.999999881],"scale":0.965729594,"type":"tree_beech_forest_a"}
{"pos":[1431.3396,-104.330719,114.199745],"rotationMatrix":[0.996460021,0.0840670094,0,-0.0840670094,0.996460021,-0,-0,0,0.999999881],"scale":1.0200119,"type":"tree_beech_forest_a"}
{"pos":[1459.79028,-125.018967,116.76992],"rotationMatrix":[-0.967606604,0.252462447,-0,-0.252462447,-0.967606604,0,-0,0,0.999999881],"scale":1.1458894,"type":"tree_beech_forest_a"}
{"pos":[1444.14172,-156.358856,121.270622],"rotationMatrix":[0.488220841,-0.872719944,0,0.872719944,0.488220841,0,-0,0,0.999999881],"scale":1.09225643,"type":"tree_beech_forest_a"}
{"pos":[1446.76111,-151.252121,121.31826],"rotationMatrix":[-0.558531165,0.82948333,-0,-0.82948333,-0.558531165,0,-0,0,0.999999881],"scale":0.923177302,"type":"tree_beech_forest_a"}
{"pos":[1423.5592,-145.003601,116.673119],"rotationMatrix":[-0.993459702,0.114182122,-0,-0.114182122,-0.993459702,0,-0,0,0.999999881],"scale":1.09737527,"type":"tree_beech_forest_a"}
{"pos":[1417.90723,-141.50502,116.961525],"rotationMatrix":[0.973447144,0.228911847,0,-0.228911847,0.973447144,-0,-0,0,0.999999881],"scale":1.15659189,"type":"tree_beech_forest_a"}
{"pos":[1403.30273,-159.798752,119.767227],"rotationMatrix":[-0.994758427,-0.10225217,0,0.10225217,-0.994758427,0,-0,0,0.999999881],"scale":1.11061418,"type":"tree_beech_forest_a"}
