{"pos":[1419.67749,-297.799835,127.483109],"rotationMatrix":[-0.0501518399,-0.998741508,0,0.998741508,-0.0501518399,0,0,0,0.999999881],"scale":1.12533963,"type":"tree_beech_small_d"}
{"pos":[1426.68921,-104.297798,113.579712],"rotationMatrix":[0.959398687,0.282053411,0,-0.282053411,0.959398687,0,0,0,0.999999881],"scale":1.00070024,"type":"tree_beech_small_d"}
{"pos":[1469.3457,-142.444458,122.329414],"rotationMatrix":[-0.999987543,0.00497872336,0,-0.00497872336,-0.999987543,0,0,0,0.999999881],"scale":0.916577101,"type":"tree_beech_small_d"}
{"pos":[1444.88208,-152.730255,121.156067],"rotationMatrix":[0.738896668,-0.673818588,0,0.673818588,0.738896668,0,0,0,0.999999881],"scale":1.07057083,"type":"tree_beech_small_d"}
{"pos":[1400.50195,-146.941071,119.856186],"rotationMatrix":[0.430018246,0.90282017,0,-0.90282017,0.430018246,0,0,0,0.999999881],"scale":1.12644374,"type":"tree_beech_small_d"}
{"pos":[75.1364822,-295.939484,104.983543],"rotationMatrix":[-0.807628572,-0.589691341,0,0.589691341,-0.807628572,0,-0,0,0.999999881],"scale":1.08013606,"type":"tree_beech_small_d"}
{"pos":[72.7302399,-296.93399,105.438522],"rotationMatrix":[-0.633821249,0.773479342,-0,-0.773479342,-0.633821249,0,-0,0,0.999999881],"scale":0.824531913,"type":"tree_beech_small_d"}
{"pos":[70.0584641,-266.902557,106.814873],"rotationMatrix":[0.293243825,0.9560377,0,-0.9560377,0.293243825,-0,-0,0,0.999999881],"scale":1.00911164,"type":"tree_beech_small_d"}
{"pos":[100.979408,-250.928467,107.133804],"rotationMatrix":[-0.678138673,-0.734933794,0,0.734933794,-0.678138673,0,-0,0,0.999999881],"scale":0.861542284,"type":"tree_beech_small_d"}
{"pos":[130.15683,-241.304001,106.807716],"rotationMatrix":[0.379311502,0.925269067,0,-0.925269067,0.379311502,-0,-0,0,0.999999881],"scale":0.833781898,"type":"tree_beech_small_d"}
{"pos":[170.14299,-228.234879,107.048676],"rotationMatrix":[-0.590303779,-0.80718118,0,0.80718118,-0.590303779,0,-0,0,0.999999881],"scale":0.966621399,"type":"tree_beech_small_d"}
{"pos":[183.277695,-227.484543,106.936203],"rotationMatrix":[-0.760712802,0.649088323,-0,-0.649088323,-0.760712802,0,-0,0,0.999999881],"scale":1.00541854,"type":"tree_beech_small_d"}
{"pos":[185.450851,-224.519012,106.717285],"rotationMatrix":[0.814147294,0.580658376,0,-0.580658376,0.814147294,-0,-0,0,0.999999881],"scale":0.99464488,"type":"tree_beech_small_d"}
{"pos":[42.0483017,-290.314117,109.997627],"rotationMatrix":[-0.972198367,-0.234158635,0,0.234158635,-0.972198367,0,-0,0,0.999999881],"scale":1.15028024,"type":"tree_beech_small_d"}
{"pos":[-214.156479,-348.860443,103.882263],"rotationMatrix":[0.999076188,0.0429729782,0,-0.0429729782,0.999076188,-0,-0,0,0.999999881],"scale":1.18998718,"type":"tree_beech_small_d"}
{"pos":[-220.80603,-326.729065,103.534401],"rotationMatrix":[-0.421643257,-0.906761646,0,0.906761646,-0.421643257,0,-0,0,0.999999881],"scale":0.985490441,"type":"tree_beech_small_d"}
{"pos":[-182.97023,-368.39093,103.532654],"rotationMatrix":[-0.970665872,-0.240432218,0,0.240432218,-0.970665872,0,-0,0,0.999999881],"scale":1.12673867,"type":"tree_beech_small_d"}
{"pos":[-189.033539,-368.014465,103.739113],"rotationMatrix":[-0.921893835,0.387442321,-0,-0.387442321,-0.921893835,0,-0,0,0.999999881],"scale":1.14786637,"type":"tree_beech_small_d"}
{"pos":[-185.926285,-370.398621,103.495651],"rotationMatrix":[0.96791631,-0.2512725,0,0.2512725,0.96791631,0,-0,0,0.999999881],"scale":1.12545466,"type":"tree_beech_small_d"}
{"pos":[-209.870453,-293.533478,103.69503],"rotationMatrix":[0.615985096,-0.787757754,0,0.787757754,0.615985096,0,-0,0,0.999999881],"scale":0.835684896,"type":"tree_beech_small_d"}
{"pos":[-202.983887,-278.464874,102.843864],"rotationMatrix":[-0.446543068,-0.894762099,0,0.894762099,-0.446543068,0,-0,0,0.999999881],"scale":0.89821142,"type":"tree_beech_small_d"}
{"pos":[-198.770126,-266.175262,103.542168],"rotationMatrix":[-0.696150422,0.717895806,-0,-0.717895806,-0.696150422,0,-0,0,0.999999881],"scale":1.17554176,"type":"tree_beech_small_d"}
{"pos":[-193.349014,-213.749588,103.53196],"rotationMatrix":[-0.524057269,0.851682842,-0,-0.851682842,-0.524057269,0,-0,0,0.999999881],"scale":1.03985727,"type":"tree_beech_small_d"}
{"pos":[-193.420425,-207.539169,103.411034],"rotationMatrix":[-0.302972883,-0.952999175,0,0.952999175,-0.302972883,0,-0,0,0.999999881],"scale":1.00989628,"type":"tree_beech_small_d"}
{"pos":[-195.006226,-196.435486,103.494553],"rotationMatrix":[0.56898886,-0.822345197,0,0.822345197,0.56898886,0,-0,0,0.999999881],"scale":0.895461559,"type":"tree_beech_small_d"}
{"pos":[-192.294403,-178.654297,103.5812],"rotationMatrix":[-0.562353909,0.826896489,-0,-0.826896489,-0.562353909,0,-0,0,0.999999881],"scale":1.01721311,"type":"tree_beech_small_d"}
{"pos":[-196.204269,-166.467575,103.056702],"rotationMatrix":[-0.997626185,-0.068860732,0,0.068860732,-0.997626185,0,-0,0,0.999999881],"scale":1.13071883,"type":"tree_beech_small_d"}
{"pos":[-193.602707,-113.687576,103.608925],"rotationMatrix":[0.149339855,0.988785863,0,-0.988785863,0.149339855,-0,-0,0,0.999999881],"scale":1.11823046,"type":"tree_beech_small_d"}
{"pos":[-196.615982,-75.3126144,103.80378],"rotationMatrix":[0.418258995,0.908327818,0,-0.908327818,0.418258995,-0,-0,0,0.999999881],"scale":0.971390843,"type":"tree_beech_small_d"}
