{"pos":[1390.45813,-295.490906,124.587624],"rotationMatrix":[-0.101013541,-0.994884908,0,0.994884908,-0.101013541,0,0,0,0.999999881],"scale":1.19515073,"type":"tree_beech_large_c"}
{"pos":[1439.75928,-290.989319,129.157043],"rotationMatrix":[-0.515668631,-0.856788039,0,0.856788039,-0.515668631,0,0,0,0.999999881],"scale":0.653134644,"type":"tree_beech_large_c"}
{"pos":[1438.59167,-296.555756,128.65564],"rotationMatrix":[0.373260289,0.927726686,0,-0.927726686,0.373260289,0,0,0,0.999999881],"scale":1.04723239,"type":"tree_beech_large_c"}
{"pos":[1437.13684,-104.328766,114.964806],"rotationMatrix":[0.00646031927,0.999979079,0,-0.999979079,0.00646031927,0,0,0,0.999999881],"scale":0.861791253,"type":"tree_beech_large_c"}
{"pos":[1456.57471,-143.904068,121.469955],"rotationMatrix":[0.778981447,0.627047002,0,-0.627047002,0.778981447,0,0,0,0.999999881],"scale":0.958904684,"type":"tree_beech_large_c"}
{"pos":[1450.24451,-150.868057,123.291939],"rotationMatrix":[-0.94010061,-0.340897053,0,0.340897053,-0.94010061,0,0,0,0.999999881],"scale":0.669305563,"type":"tree_beech_large_c"}
{"pos":[1445.7666,-164.586197,123.540848],"rotationMatrix":[-0.999127448,-0.0417634621,0,0.0417634621,-0.999127448,0,0,0,0.999999881],"scale":0.739036381,"type":"tree_beech_large_c"}
{"pos":[1427.75122,-153.548203,118.938789],"rotationMatrix":[-0.719283104,0.694716811,0,-0.694716811,-0.719283104,0,0,0,0.999999881],"scale":1.05481696,"type":"tree_beech_large_c"}
{"pos":[1402.21948,-152.482208,119.861298],"rotationMatrix":[0.25135684,-0.967894375,0,0.967894375,0.25135684,0,0,0,0.999999881],"scale":1.00183463,"type":"tree_beech_large_c"}
{"pos":[81.3302155,-289.019989,105.410782],"rotationMatrix":[0.38862434,-0.921396196,0,0.921396196,0.38862434,0,-0,0,0.999999881],"scale":0.930808842,"type":"tree_beech_large_c"}
{"pos":[144.775528,-240.474625,106.764687],"rotationMatrix":[0.730906546,-0.682477415,0,0.682477415,0.730906546,0,-0,0,0.999999881],"scale":0.775047779,"type":"tree_beech_large_c"}
{"pos":[-92.7554092,-375.842773,103.90519],"rotationMatrix":[-0.0722996071,-0.99738282,0,0.99738282,-0.0722996071,0,-0,0,0.999999881],"scale":0.643386602,"type":"tree_beech_large_c"}
{"pos":[-108.179047,-377.266541,103.223045],"rotationMatrix":[-0.533011198,-0.846108019,0,0.846108019,-0.533011198,0,-0,0,0.999999881],"scale":0.751522899,"type":"tree_beech_large_c"}
{"pos":[-175.794815,-372.434448,103.62059],"rotationMatrix":[-0.897380352,-0.441257656,0,0.441257656,-0.897380352,0,-0,0,0.999999881],"scale":1.17955935,"type":"tree_beech_large_c"}
{"pos":[-222.845856,-342.170776,103.918259],"rotationMatrix":[-0.487817258,-0.872945726,0,0.872945726,-0.487817258,0,-0,0,0.999999881],"scale":0.781933308,"type":"tree_beech_large_c"}
{"pos":[-224.761383,-353.046814,102.528252],"rotationMatrix":[-0.882192194,-0.47088936,0,0.47088936,-0.882192194,0,-0,0,0.999999881],"scale":0.981475472,"type":"tree_beech_large_c"}
{"pos":[-221.173676,-317.433411,103.023186],"rotationMatrix":[0.459177434,-0.888344407,0,0.888344407,0.459177434,0,-0,0,0.999999881],"scale":1.16362023,"type":"tree_beech_large_c"}
{"pos":[-93.611618,-375.074738,103.890915],"rotationMatrix":[-0.999746084,-0.0225304663,0,0.0225304663,-0.999746084,0,-0,0,0.999999881],"scale":1.13778806,"type":"tree_beech_large_c"}
{"pos":[-112.327873,-374.409943,103.873474],"rotationMatrix":[-0.422205657,0.906499922,-0,-0.906499922,-0.422205657,0,-0,0,0.999999881],"scale":0.951395154,"type":"tree_beech_large_c"}
{"pos":[-186.65593,-367.43512,103.718781],"rotationMatrix":[-0.903226197,-0.429164797,0,0.429164797,-0.903226197,0,-0,0,0.999999881],"scale":0.777444422,"type":"tree_beech_large_c"}
{"pos":[-195.626831,-237.500839,103.15596],"rotationMatrix":[-0.997542799,-0.0700587481,0,0.0700587481,-0.997542799,0,-0,0,0.999999881],"scale":0.635863185,"type":"tree_beech_large_c"}
{"pos":[-193.501358,-200.014481,102.527542],"rotationMatrix":[0.963914752,-0.266210854,0,0.266210854,0.963914752,0,-0,0,0.999999881],"scale":1.06276941,"type":"tree_beech_large_c"}
{"pos":[-191.719391,-153.70723,105.30014],"rotationMatrix":[0.467360288,0.884066999,0,-0.884066999,0.467360288,-0,-0,0,0.999999881],"scale":0.615819335,"type":"tree_beech_large_c"}
{"pos":[-192.978928,-154.675247,105.126167],"rotationMatrix":[0.576508522,-0.817090988,0,0.817090988,0.576508522,0,-0,0,0.999999881],"scale":0.764153779,"type":"tree_beech_large_c"}
{"pos":[-196.741302,-133.363541,104.718674],"rotationMatrix":[-0.219311982,-0.975654721,0,0.975654721,-0.219311982,0,-0,0,0.999999881],"scale":0.683493257,"type":"tree_beech_large_c"}
