{"pos":[1412.11682,-295.816589,127.811539],"rotationMatrix":[0.737550914,0.675291538,0,-0.675291538,0.737550914,0,0,0,0.999999881],"scale":0.8646155,"type":"tree_beech_small_b"}
{"pos":[1432.00903,-302.859985,128.697021],"rotationMatrix":[0.963782191,0.266690314,0,-0.266690314,0.963782191,0,0,0,0.999999881],"scale":0.912316978,"type":"tree_beech_small_b"}
{"pos":[1437.6532,-290.260406,129.148193],"rotationMatrix":[-0.771121442,-0.636688054,0,0.636688054,-0.771121442,0,0,0,0.999999881],"scale":0.956681192,"type":"tree_beech_small_b"}
{"pos":[1449.38696,-152.913132,124.158379],"rotationMatrix":[0.788816333,0.614628971,0,-0.614628971,0.788816333,0,0,0,0.999999881],"scale":0.80493933,"type":"tree_beech_small_b"}
{"pos":[1445.66223,-145.189941,121.359802],"rotationMatrix":[-0.036672771,0.999327183,0,-0.999327183,-0.036672771,0,0,0,0.999999881],"scale":0.887508631,"type":"tree_beech_small_b"}
{"pos":[1435.69128,-142.837265,120.015823],"rotationMatrix":[0.878162324,-0.478362501,0,0.478362501,0.878162324,0,0,0,0.999999881],"scale":1.15449882,"type":"tree_beech_small_b"}
{"pos":[1427.64697,-143.612381,118.605171],"rotationMatrix":[0.725492358,-0.688230097,0,0.688230097,0.725492358,0,0,0,0.999999881],"scale":0.869761527,"type":"tree_beech_small_b"}
{"pos":[1401.0658,-140.096863,118.995712],"rotationMatrix":[-0.920408428,-0.390958041,0,0.390958041,-0.920408428,0,0,0,0.999999881],"scale":0.840535223,"type":"tree_beech_small_b"}
{"pos":[1397.00696,-138.297668,119.033096],"rotationMatrix":[-0.511031449,-0.85956198,0,0.85956198,-0.511031449,0,0,0,0.999999881],"scale":1.10853052,"type":"tree_beech_small_b"}
{"pos":[66.8979874,-290.757172,105.449387],"rotationMatrix":[0.123235069,0.99237746,0,-0.99237746,0.123235069,-0,-0,0,0.999999881],"scale":0.882298648,"type":"tree_beech_small_b"}
{"pos":[78.7461777,-264.543457,106.022118],"rotationMatrix":[0.780195713,0.625535488,0,-0.625535488,0.780195713,-0,-0,0,0.999999881],"scale":0.889577031,"type":"tree_beech_small_b"}
{"pos":[98.9852142,-252.70961,107.358398],"rotationMatrix":[-0.464683086,-0.885476947,0,0.885476947,-0.464683086,0,-0,0,0.999999881],"scale":0.935637116,"type":"tree_beech_small_b"}
{"pos":[110.89357,-250.657944,106.732231],"rotationMatrix":[0.532161176,0.84664309,0,-0.84664309,0.532161176,-0,-0,0,0.999999881],"scale":0.846023023,"type":"tree_beech_small_b"}
{"pos":[158.531021,-230.251724,106.595474],"rotationMatrix":[0.849580109,-0.527459502,0,0.527459502,0.849580109,0,-0,0,0.999999881],"scale":1.05296314,"type":"tree_beech_small_b"}
{"pos":[211.23262,-220.518158,106.522545],"rotationMatrix":[-0.991979301,0.126399368,-0,-0.126399368,-0.991979301,0,-0,0,0.999999881],"scale":0.920536578,"type":"tree_beech_small_b"}
{"pos":[27.8360996,-355.936829,107.546181],"rotationMatrix":[0.247429043,-0.968905866,0,0.968905866,0.247429043,0,-0,0,0.999999881],"scale":1.13871229,"type":"tree_beech_small_b"}
{"pos":[7.508636,-364.020721,107.59523],"rotationMatrix":[-0.333553582,0.942731023,-0,-0.942731023,-0.333553582,0,-0,0,0.999999881],"scale":0.851313949,"type":"tree_beech_small_b"}
{"pos":[5.85160112,-366.427429,106.507874],"rotationMatrix":[-0.506584525,-0.862190247,0,0.862190247,-0.506584525,0,-0,0,0.999999881],"scale":0.995315313,"type":"tree_beech_small_b"}
{"pos":[-68.8348083,-372.604614,104.600609],"rotationMatrix":[0.357746392,0.933818758,0,-0.933818758,0.357746392,-0,-0,0,0.999999881],"scale":1.06103885,"type":"tree_beech_small_b"}
{"pos":[-129.658707,-377.289612,103.753929],"rotationMatrix":[0.952364743,-0.304961056,0,0.304961056,0.952364743,0,-0,0,0.999999881],"scale":1.17797625,"type":"tree_beech_small_b"}
{"pos":[-240.738571,-332.303009,103.332733],"rotationMatrix":[0.991819203,-0.127649784,0,0.127649784,0.991819203,0,-0,0,0.999999881],"scale":0.946169496,"type":"tree_beech_small_b"}
{"pos":[-130.725525,-374.147461,103.964706],"rotationMatrix":[-0.770183384,0.63782239,-0,-0.63782239,-0.770183384,0,-0,0,0.999999881],"scale":0.951872945,"type":"tree_beech_small_b"}
{"pos":[-163.443939,-375.043976,104.045746],"rotationMatrix":[-0.999321222,0.0368355252,-0,-0.0368355252,-0.999321222,0,-0,0,0.999999881],"scale":0.832847536,"type":"tree_beech_small_b"}
{"pos":[-219.592911,-302.937195,103.220177],"rotationMatrix":[-0.232001886,-0.972715259,0,0.972715259,-0.232001886,0,-0,0,0.999999881],"scale":0.918264568,"type":"tree_beech_small_b"}
{"pos":[-194.85582,-260.320374,103.908234],"rotationMatrix":[-0.989774883,0.142637461,-0,-0.142637461,-0.989774883,0,-0,0,0.999999881],"scale":0.848205984,"type":"tree_beech_small_b"}
{"pos":[-197.835037,-234.606308,102.777336],"rotationMatrix":[-0.279517591,-0.960140526,0,0.960140526,-0.279517591,0,-0,0,0.999999881],"scale":0.839945078,"type":"tree_beech_small_b"}
{"pos":[-193.89888,-228.419556,103.326477],"rotationMatrix":[-0.0662683025,0.997801721,-0,-0.997801721,-0.0662683025,0,-0,0,0.999999881],"scale":0.927385926,"type":"tree_beech_small_b"}
{"pos":[-193.38623,-193.430267,103.196602],"rotationMatrix":[0.211363211,0.977407575,0,-0.977407575,0.211363211,-0,-0,0,0.999999881],"scale":1.01262546,"type":"tree_beech_small_b"}
{"pos":[-196.315521,-192.491211,103.388298],"rotationMatrix":[-0.975524306,0.219891146,-0,-0.219891146,-0.975524306,0,-0,0,0.999999881],"scale":1.06803286,"type":"tree_beech_small_b"}
{"pos":[-191.413345,-184.381027,104.048477],"rotationMatrix":[-0.79772073,0.603026807,-0,-0.603026807,-0.79772073,0,-0,0,0.999999881],"scale":0.868505538,"type":"tree_beech_small_b"}
{"pos":[-193.825195,-182.225159,103.765358],"rotationMatrix":[-0.620494962,-0.784210384,0,0.784210384,-0.620494962,0,-0,0,0.999999881],"scale":1.05117321,"type":"tree_beech_small_b"}
{"pos":[-194.022873,-176.145844,103.689438],"rotationMatrix":[0.816949725,-0.576708674,0,0.576708674,0.816949725,0,-0,0,0.999999881],"scale":0.948763847,"type":"tree_beech_small_b"}
