{"pos":[1404.99133,-285.963654,127.564079],"rotationMatrix":[-0.922401845,0.386231542,0,-0.386231542,-0.922401845,0,0,0,0.999999881],"scale":0.905366302,"type":"tree_beech_small_c"}
{"pos":[1407.58887,-287.342163,127.955116],"rotationMatrix":[0.809281886,-0.587420285,0,0.587420285,0.809281886,0,0,0,0.999999881],"scale":0.864672005,"type":"tree_beech_small_c"}
{"pos":[1416.23083,-300.370483,127.94249],"rotationMatrix":[0.0603277646,0.998178542,0,-0.998178542,0.0603277646,0,0,0,0.999999881],"scale":0.89593184,"type":"tree_beech_small_c"}
{"pos":[1439.97278,-287.278381,128.928879],"rotationMatrix":[-0.269781828,0.962921381,0,-0.962921381,-0.269781828,0,0,0,0.999999881],"scale":1.15993226,"type":"tree_beech_small_c"}
{"pos":[1455.01514,-125.45401,117.447441],"rotationMatrix":[-0.778936088,-0.62710315,0,0.62710315,-0.778936088,0,0,0,0.999999881],"scale":0.967369676,"type":"tree_beech_small_c"}
{"pos":[1457.60449,-123.091766,116.452271],"rotationMatrix":[-0.00250419509,-0.999996781,0,0.999996781,-0.00250419509,0,0,0,0.999999881],"scale":0.931421757,"type":"tree_beech_small_c"}
{"pos":[1448.57117,-162.887283,124.555214],"rotationMatrix":[0.836100578,-0.548575938,0,0.548575938,0.836100578,0,0,0,0.999999881],"scale":1.17228067,"type":"tree_beech_small_c"}
{"pos":[1447.01099,-155.190231,123.579094],"rotationMatrix":[0.265949279,-0.963986933,0,0.963986933,0.265949279,0,0,0,0.999999881],"scale":1.15250897,"type":"tree_beech_small_c"}
{"pos":[1446.44385,-148.76738,121.717522],"rotationMatrix":[0.253469139,0.96734345,0,-0.96734345,0.253469139,0,0,0,0.999999881],"scale":0.838723481,"type":"tree_beech_small_c"}
{"pos":[1406.5188,-138.722748,117.811462],"rotationMatrix":[-0.346078962,0.938205302,0,-0.938205302,-0.346078962,0,0,0,0.999999881],"scale":1.08767474,"type":"tree_beech_small_c"}
{"pos":[1394.27246,-144.025269,120.86496],"rotationMatrix":[0.316685736,0.948530495,0,-0.948530495,0.316685736,0,0,0,0.999999881],"scale":0.890855074,"type":"tree_beech_small_c"}
{"pos":[96.3214035,-254.447403,107.287445],"rotationMatrix":[0.968353629,-0.24958168,0,0.24958168,0.968353629,0,-0,0,0.999999881],"scale":0.81918931,"type":"tree_beech_small_c"}
{"pos":[192.385223,-221.958633,106.677376],"rotationMatrix":[-0.250880182,0.968017995,-0,-0.968017995,-0.250880182,0,-0,0,0.999999881],"scale":0.955982566,"type":"tree_beech_small_c"}
{"pos":[36.2053032,-298.815216,114.484398],"rotationMatrix":[0.298383147,-0.954446077,0,0.954446077,0.298383147,0,-0,0,0.999999881],"scale":0.933924437,"type":"tree_beech_small_c"}
{"pos":[41.4753876,-352.25238,105.229958],"rotationMatrix":[0.758508682,-0.651662827,0,0.651662827,0.758508682,0,-0,0,0.999999881],"scale":1.10171318,"type":"tree_beech_small_c"}
{"pos":[36.9432526,-347.421844,107.267319],"rotationMatrix":[0.995710254,-0.0925254151,0,0.0925254151,0.995710254,0,-0,0,0.999999881],"scale":0.85281682,"type":"tree_beech_small_c"}
{"pos":[38.0544777,-343.757477,106.113525],"rotationMatrix":[-0.329159409,0.944274247,-0,-0.944274247,-0.329159409,0,-0,0,0.999999881],"scale":1.10819304,"type":"tree_beech_small_c"}
{"pos":[-1.60572267,-370.851135,105.487839],"rotationMatrix":[-0.952094257,0.305804431,-0,-0.305804431,-0.952094257,0,-0,0,0.999999881],"scale":0.901655436,"type":"tree_beech_small_c"}
{"pos":[-5.73953724,-369.648926,105.632599],"rotationMatrix":[-0.2085796,0.97800523,-0,-0.97800523,-0.2085796,0,-0,0,0.999999881],"scale":0.944885373,"type":"tree_beech_small_c"}
{"pos":[-9.95224094,-371.541351,104.947441],"rotationMatrix":[0.154259861,0.988030255,0,-0.988030255,0.154259861,-0,-0,0,0.999999881],"scale":0.937180817,"type":"tree_beech_small_c"}
{"pos":[-2.79170942,-368.019318,106.397583],"rotationMatrix":[0.817358196,0.576129854,0,-0.576129854,0.817358196,-0,-0,0,0.999999881],"scale":1.12332046,"type":"tree_beech_small_c"}
{"pos":[-63.8904724,-374.878052,103.803711],"rotationMatrix":[-0.959824085,0.280602247,-0,-0.280602247,-0.959824085,0,-0,0,0.999999881],"scale":1.12302494,"type":"tree_beech_small_c"}
{"pos":[-77.950325,-372.949066,103.9394],"rotationMatrix":[0.994710088,-0.102721274,0,0.102721274,0.994710088,0,-0,0,0.999999881],"scale":1.13711607,"type":"tree_beech_small_c"}
{"pos":[-203.549606,-363.639191,103.929794],"rotationMatrix":[-0.995365798,0.0961604491,-0,-0.0961604491,-0.995365798,0,-0,0,0.999999881],"scale":0.905111432,"type":"tree_beech_small_c"}
{"pos":[-221.255051,-340.143951,103.778709],"rotationMatrix":[-0.991253972,0.131967545,-0,-0.131967545,-0.991253972,0,-0,0,0.999999881],"scale":1.03249407,"type":"tree_beech_small_c"}
{"pos":[-224.965195,-310.363068,103.289383],"rotationMatrix":[0.68949002,0.724295199,0,-0.724295199,0.68949002,-0,-0,0,0.999999881],"scale":0.963327765,"type":"tree_beech_small_c"}
{"pos":[-212.118774,-352.640259,104.108498],"rotationMatrix":[-0.319260091,-0.947667122,0,0.947667122,-0.319260091,0,-0,0,0.999999881],"scale":0.808235347,"type":"tree_beech_small_c"}
{"pos":[-240.54921,-328.676056,103.92382],"rotationMatrix":[0.983837545,-0.179062769,0,0.179062769,0.983837545,0,-0,0,0.999999881],"scale":1.0256505,"type":"tree_beech_small_c"}
{"pos":[-204.57692,-281.817902,103.354507],"rotationMatrix":[0.182283893,0.983245909,0,-0.983245909,0.182283893,-0,-0,0,0.999999881],"scale":1.0682075,"type":"tree_beech_small_c"}
{"pos":[-195.207336,-222.824524,102.921753],"rotationMatrix":[0.369793028,0.929114163,0,-0.929114163,0.369793028,-0,-0,0,0.999999881],"scale":0.940168262,"type":"tree_beech_small_c"}
{"pos":[-193.750275,-210.062256,103.325592],"rotationMatrix":[-0.996410012,-0.084657453,0,0.084657453,-0.996410012,0,-0,0,0.999999881],"scale":1.01439941,"type":"tree_beech_small_c"}
{"pos":[-193.339783,-139.959335,106.043335],"rotationMatrix":[0.847506106,0.530785501,0,-0.530785501,0.847506106,-0,-0,0,0.999999881],"scale":1.03376973,"type":"tree_beech_small_c"}
{"pos":[-193.355072,-126.39547,104.120972],"rotationMatrix":[0.961180627,0.275919795,0,-0.275919795,0.961180627,-0,-0,0,0.999999881],"scale":0.852312982,"type":"tree_beech_small_c"}
