{"pos":[1392.60071,-295.514862,124.674767],"rotationMatrix":[-0.982310832,0.187257111,0,-0.187257111,-0.982310832,0,0,0,0.999999881],"scale":1.17688727,"type":"tree_beech_forest_b"}
{"pos":[1461.72913,-142.584427,122.104431],"rotationMatrix":[0.216892436,0.976195514,0,-0.976195514,0.216892436,0,0,0,0.999999881],"scale":0.919359267,"type":"tree_beech_forest_b"}
{"pos":[1458.86987,-144.321793,121.470428],"rotationMatrix":[0.198474631,-0.980105937,0,0.980105937,0.198474631,0,0,0,0.999999881],"scale":1.14116621,"type":"tree_beech_forest_b"}
{"pos":[1455.37878,-145.681168,122.771782],"rotationMatrix":[0.999999881,-0.000288335315,0,0.000288335315,0.999999881,0,0,0,0.999999881],"scale":1.0945133,"type":"tree_beech_forest_b"}
{"pos":[1443.34631,-158.355469,120.939362],"rotationMatrix":[-0.83023417,-0.55741477,0,0.55741477,-0.83023417,0,0,0,0.999999881],"scale":1.13315213,"type":"tree_beech_forest_b"}
{"pos":[1451.51794,-178.333298,124.758331],"rotationMatrix":[-0.998035431,0.0626509488,0,-0.0626509488,-0.998035431,0,0,0,0.999999881],"scale":1.04136121,"type":"tree_beech_forest_b"}
{"pos":[1399.99084,-142.816757,118.673943],"rotationMatrix":[-0.72443521,0.689342797,0,-0.689342797,-0.72443521,0,0,0,0.999999881],"scale":0.92964375,"type":"tree_beech_forest_b"}
{"pos":[78.3424377,-284.604034,105.65699],"rotationMatrix":[0.402282625,0.915515542,0,-0.915515542,0.402282625,-0,-0,0,0.999999881],"scale":1.12656999,"type":"tree_beech_forest_b"}
{"pos":[55.5277138,-310.109497,108.156418],"rotationMatrix":[-0.680241048,0.732988238,-0,-0.732988238,-0.680241048,0,-0,0,0.999999881],"scale":1.18081498,"type":"tree_beech_forest_b"}
{"pos":[49.1236572,-316.757416,109.20845],"rotationMatrix":[-0.393791735,0.919199526,-0,-0.919199526,-0.393791735,0,-0,0,0.999999881],"scale":0.926593423,"type":"tree_beech_forest_b"}
{"pos":[56.8848686,-276.079468,106.787994],"rotationMatrix":[-0.990616262,0.136671901,-0,-0.136671901,-0.990616262,0,-0,0,0.999999881],"scale":1.19347739,"type":"tree_beech_forest_b"}
{"pos":[65.1440887,-268.863251,107.044601],"rotationMatrix":[0.379407197,-0.925229728,0,0.925229728,0.379407197,0,-0,0,0.999999881],"scale":1.03976345,"type":"tree_beech_forest_b"}
{"pos":[105.830711,-251.227585,106.228012],"rotationMatrix":[0.655342817,0.755331576,0,-0.755331576,0.655342817,-0,-0,0,0.999999881],"scale":1.12795389,"type":"tree_beech_forest_b"}
{"pos":[206.787292,-217.015259,105.984245],"rotationMatrix":[-0.615504622,0.788133025,-0,-0.788133025,-0.615504622,0,-0,0,0.999999881],"scale":1.142398,"type":"tree_beech_forest_b"}
{"pos":[195.136749,-221.122391,106.786446],"rotationMatrix":[-0.936379135,0.350990176,-0,-0.350990176,-0.936379135,0,-0,0,0.999999881],"scale":0.985469341,"type":"tree_beech_forest_b"}
{"pos":[17.1223145,-361.809357,106.892448],"rotationMatrix":[0.716691554,0.697390318,0,-0.697390318,0.716691554,-0,-0,0,0.999999881],"scale":1.07738376,"type":"tree_beech_forest_b"}
{"pos":[-6.84904385,-371.60498,104.109306],"rotationMatrix":[-0.995203137,0.0978295803,-0,-0.0978295803,-0.995203137,0,-0,0,0.999999881],"scale":1.02591145,"type":"tree_beech_forest_b"}
{"pos":[-108.708305,-373.993042,103.193504],"rotationMatrix":[0.999501526,-0.0315685235,0,0.0315685235,0.999501526,0,-0,0,0.999999881],"scale":1.15963817,"type":"tree_beech_forest_b"}
{"pos":[-117.104111,-373.92804,103.668999],"rotationMatrix":[-0.928695142,-0.370843858,0,0.370843858,-0.928695142,0,-0,0,0.999999881],"scale":1.024405,"type":"tree_beech_forest_b"}
{"pos":[-208.85675,-356.272827,103.929131],"rotationMatrix":[0.685454607,-0.728115141,0,0.728115141,0.685454607,0,-0,0,0.999999881],"scale":1.0955466,"type":"tree_beech_forest_b"}
{"pos":[-226.175171,-326.860474,102.941483],"rotationMatrix":[0.529586256,-0.848256052,0,0.848256052,0.529586256,0,-0,0,0.999999881],"scale":0.98681879,"type":"tree_beech_forest_b"}
{"pos":[-145.573853,-372.963745,104.373878],"rotationMatrix":[-0.898098111,0.439794868,-0,-0.439794868,-0.898098111,0,-0,0,0.999999881],"scale":0.912602246,"type":"tree_beech_forest_b"}
{"pos":[-202.781891,-268.449036,101.480743],"rotationMatrix":[-0.32578212,0.945444763,-0,-0.945444763,-0.32578212,0,-0,0,0.999999881],"scale":1.14232457,"type":"tree_beech_forest_b"}
{"pos":[-197.778458,-264.216034,103.729065],"rotationMatrix":[-0.153749287,-0.988109827,0,0.988109827,-0.153749287,0,-0,0,0.999999881],"scale":1.17755091,"type":"tree_beech_forest_b"}
{"pos":[-196.218979,-231.291824,103.037552],"rotationMatrix":[-0.50999862,0.860175073,-0,-0.860175073,-0.50999862,0,-0,0,0.999999881],"scale":0.987380266,"type":"tree_beech_forest_b"}
{"pos":[-192.570648,-222.775711,102.78141],"rotationMatrix":[-0.599490523,-0.800381839,0,0.800381839,-0.599490523,0,-0,0,0.999999881],"scale":1.09339857,"type":"tree_beech_forest_b"}
{"pos":[-193.084793,-190.857452,103.683357],"rotationMatrix":[-0.112508766,0.993650615,-0,-0.993650615,-0.112508766,0,-0,0,0.999999881],"scale":1.18403113,"type":"tree_beech_forest_b"}
{"pos":[-194.780975,-98.37146,102.082489],"rotationMatrix":[-0.238792837,0.971070468,-0,-0.971070468,-0.238792837,0,-0,0,0.999999881],"scale":1.19357133,"type":"tree_beech_forest_b"}
