{"pos":[1383.46045,-291.678131,125.293732],"rotationMatrix":[-0.999009967,-0.044485338,0,0.044485338,-0.999009967,0,0,0,0.999999881],"scale":1.25634193,"type":"tree_beech_small_forest_group2"}
{"pos":[1383.04822,-286.184509,125.881958],"rotationMatrix":[0.922571599,-0.385825723,0,0.385825723,0.922571599,0,0,0,0.999999881],"scale":1.26724577,"type":"tree_beech_small_forest_group2"}
{"pos":[1403.31909,-299.285461,126.680328],"rotationMatrix":[0.996281087,-0.0861616135,0,0.0861616135,0.996281087,0,0,0,0.999999881],"scale":1.262519,"type":"tree_beech_small_forest_group2"}
{"pos":[1427.18042,-303.279358,128.82309],"rotationMatrix":[0.123400666,-0.992356837,0,0.992356837,0.123400666,0,0,0,0.999999881],"scale":1.09305501,"type":"tree_beech_small_forest_group2"}
{"pos":[1435.10425,-298.540131,129.411316],"rotationMatrix":[-0.294249684,-0.955728471,0,0.955728471,-0.294249684,0,0,0,0.999999881],"scale":1.07379913,"type":"tree_beech_small_forest_group2"}
{"pos":[1434.09814,-104.756508,115.071365],"rotationMatrix":[0.315346628,0.948976576,0,-0.948976576,0.315346628,0,0,0,0.999999881],"scale":1.02363765,"type":"tree_beech_small_forest_group2"}
{"pos":[1429.93005,-148.885223,119.390823],"rotationMatrix":[-0.906457841,-0.422296315,0,0.422296315,-0.906457841,0,0,0,0.999999881],"scale":1.10287094,"type":"tree_beech_small_forest_group2"}
{"pos":[1412.76709,-139.543411,117.781075],"rotationMatrix":[-0.647903204,0.761722445,0,-0.761722445,-0.647903204,0,0,0,0.999999881],"scale":1.2128408,"type":"tree_beech_small_forest_group2"}
{"pos":[1404.74536,-142.254028,118.090591],"rotationMatrix":[-0.814929664,-0.579559684,0,0.579559684,-0.814929664,0,0,0,0.999999881],"scale":1.2953732,"type":"tree_beech_small_forest_group2"}
{"pos":[1399.51111,-160.759186,121.320007],"rotationMatrix":[-0.920768738,-0.390108854,0,0.390108854,-0.920768738,0,0,0,0.999999881],"scale":1.25988889,"type":"tree_beech_small_forest_group2"}
{"pos":[1400.65002,-172.710297,120.396805],"rotationMatrix":[-0.444100499,-0.895976961,0,0.895976961,-0.444100499,0,0,0,0.999999881],"scale":1.17918944,"type":"tree_beech_small_forest_group2"}
{"pos":[62.571106,-314.11087,105.882263],"rotationMatrix":[0.29539749,-0.9553743,0,0.9553743,0.29539749,0,-0,0,0.999999881],"scale":1.11591125,"type":"tree_beech_small_forest_group2"}
{"pos":[57.6599503,-311.780609,107.746964],"rotationMatrix":[-0.984600961,0.174816206,-0,-0.174816206,-0.984600961,0,-0,0,0.999999881],"scale":1.16602898,"type":"tree_beech_small_forest_group2"}
{"pos":[85.9871521,-259.312378,107.058716],"rotationMatrix":[0.539873958,0.841745913,0,-0.841745913,0.539873958,-0,-0,0,0.999999881],"scale":1.03341651,"type":"tree_beech_small_forest_group2"}
{"pos":[146.478729,-236.828629,107.058716],"rotationMatrix":[-0.995688021,-0.092764236,0,0.092764236,-0.995688021,0,-0,0,0.999999881],"scale":1.12621641,"type":"tree_beech_small_forest_group2"}
{"pos":[165.229126,-232.112137,107.058716],"rotationMatrix":[-0.995342791,0.0963975266,-0,-0.0963975266,-0.995342791,0,-0,0,0.999999881],"scale":1.01189351,"type":"tree_beech_small_forest_group2"}
{"pos":[34.9635086,-308.370575,113.746567],"rotationMatrix":[0.469445646,-0.882961214,0,0.882961214,0.469445646,0,-0,0,0.999999881],"scale":1.15120816,"type":"tree_beech_small_forest_group2"}
{"pos":[44.4693794,-346.848389,105.882263],"rotationMatrix":[0.0782289505,-0.996935308,0,0.996935308,0.0782289505,0,-0,0,0.999999881],"scale":1.02939594,"type":"tree_beech_small_forest_group2"}
{"pos":[-60.4536209,-376.321045,104.117584],"rotationMatrix":[0.131070688,0.991373003,0,-0.991373003,0.131070688,-0,-0,0,0.999999881],"scale":1.08705735,"type":"tree_beech_small_forest_group2"}
{"pos":[-222.44014,-348.056122,104.117584],"rotationMatrix":[-0.864791811,-0.502130389,0,0.502130389,-0.864791811,0,-0,0,0.999999881],"scale":1.29985821,"type":"tree_beech_small_forest_group2"}
{"pos":[-124.80571,-374.967316,104.42131],"rotationMatrix":[0.539176166,0.842193007,0,-0.842193007,0.539176166,-0,-0,0,0.999999881],"scale":1.05372787,"type":"tree_beech_small_forest_group2"}
{"pos":[-193.049774,-132.539139,105.732071],"rotationMatrix":[-0.735712171,-0.677294135,0,0.677294135,-0.735712171,0,-0,0,0.999999881],"scale":1.01238549,"type":"tree_beech_small_forest_group2"}
{"pos":[-192.730988,-124.298172,104.108261],"rotationMatrix":[0.354087889,-0.935212076,0,0.935212076,0.354087889,0,-0,0,0.999999881],"scale":1.13706398,"type":"tree_beech_small_forest_group2"}
{"pos":[-193.898529,-108.772514,103.616058],"rotationMatrix":[-0.562099159,0.82706964,-0,-0.82706964,-0.562099159,0,-0,0,0.999999881],"scale":1.14169288,"type":"tree_beech_small_forest_group2"}
{"pos":[-196.135437,-84.7812042,103.425865],"rotationMatrix":[0.824996829,-0.565137148,0,0.565137148,0.824996829,0,-0,0,0.999999881],"scale":1.24330986,"type":"tree_beech_small_forest_group2"}
