{"pos":[1437.06982,-292.540924,129.292938],"rotationMatrix":[0.976691902,0.214646012,0,-0.214646012,0.976691902,0,0,0,0.999999881],"scale":0.64530915,"type":"tree_beech_large_b"}
{"pos":[1445.16614,-112.957626,114.272339],"rotationMatrix":[0.681984484,-0.731366396,0,0.731366396,0.681984484,0,0,0,0.999999881],"scale":0.910432339,"type":"tree_beech_large_b"}
{"pos":[1462.86267,-125.043106,117.556587],"rotationMatrix":[0.755204916,0.655488789,0,-0.655488789,0.755204916,0,0,0,0.999999881],"scale":0.992065549,"type":"tree_beech_large_b"}
{"pos":[1444.17078,-166.620483,123.742203],"rotationMatrix":[-0.959722459,0.280949593,0,-0.280949593,-0.959722459,0,0,0,0.999999881],"scale":0.848611057,"type":"tree_beech_large_b"}
{"pos":[1448.28723,-146.399689,121.435242],"rotationMatrix":[-0.822858214,-0.568246543,0,0.568246543,-0.822858214,0,0,0,0.999999881],"scale":0.608706713,"type":"tree_beech_large_b"}
{"pos":[1434.11243,-144.727142,119.119621],"rotationMatrix":[-0.125399321,0.992106259,0,-0.992106259,-0.125399321,0,0,0,0.999999881],"scale":0.780742705,"type":"tree_beech_large_b"}
{"pos":[1423.45667,-147.235031,117.183922],"rotationMatrix":[-0.151532963,0.988452137,0,-0.988452137,-0.151532963,0,0,0,0.999999881],"scale":0.87529707,"type":"tree_beech_large_b"}
{"pos":[79.4747162,-289.41687,105.609528],"rotationMatrix":[-0.27592209,0.961179912,-0,-0.961179912,-0.27592209,0,-0,0,0.999999881],"scale":0.840661347,"type":"tree_beech_large_b"}
{"pos":[61.2226257,-298.294373,105.392067],"rotationMatrix":[0.920481265,-0.39078638,0,0.39078638,0.920481265,0,-0,0,0.999999881],"scale":1.02484012,"type":"tree_beech_large_b"}
{"pos":[54.0337448,-278.03421,108.085526],"rotationMatrix":[0.998480737,0.0551009513,0,-0.0551009513,0.998480737,-0,-0,0,0.999999881],"scale":0.679448605,"type":"tree_beech_large_b"}
{"pos":[140.721909,-235.771179,106.813606],"rotationMatrix":[-0.872408211,-0.488777965,0,0.488777965,-0.872408211,0,-0,0,0.999999881],"scale":0.765799522,"type":"tree_beech_large_b"}
{"pos":[148.07579,-233.579803,106.505028],"rotationMatrix":[-0.103949621,-0.994582474,0,0.994582474,-0.103949621,0,-0,0,0.999999881],"scale":0.989429176,"type":"tree_beech_large_b"}
{"pos":[187.28772,-227.608032,106.46241],"rotationMatrix":[-0.407303572,-0.913292706,0,0.913292706,-0.407303572,0,-0,0,0.999999881],"scale":1.0362674,"type":"tree_beech_large_b"}
{"pos":[31.4289112,-348.85849,109.261276],"rotationMatrix":[0.639422655,0.768855393,0,-0.768855393,0.639422655,-0,-0,0,0.999999881],"scale":0.661155701,"type":"tree_beech_large_b"}
{"pos":[10.7843037,-362.852783,107.722275],"rotationMatrix":[-0.436919898,0.89950031,-0,-0.89950031,-0.436919898,0,-0,0,0.999999881],"scale":1.05092621,"type":"tree_beech_large_b"}
{"pos":[-55.1569633,-374.468262,104.651108],"rotationMatrix":[-0.706614375,0.707598567,-0,-0.707598567,-0.706614375,0,-0,0,0.999999881],"scale":0.725807428,"type":"tree_beech_large_b"}
{"pos":[-101.762474,-373.442078,103.693771],"rotationMatrix":[0.351661682,0.936127126,0,-0.936127126,0.351661682,-0,-0,0,0.999999881],"scale":0.608664095,"type":"tree_beech_large_b"}
{"pos":[-169.050049,-371.503815,103.19416],"rotationMatrix":[-0.962800324,0.270213425,-0,-0.270213425,-0.962800324,0,-0,0,0.999999881],"scale":1.05116487,"type":"tree_beech_large_b"}
{"pos":[-180.792847,-372.958527,103.194633],"rotationMatrix":[-0.459532529,-0.888160825,0,0.888160825,-0.459532529,0,-0,0,0.999999881],"scale":0.722973228,"type":"tree_beech_large_b"}
{"pos":[-208.984711,-363.645599,103.184395],"rotationMatrix":[0.5417009,-0.840571165,0,0.840571165,0.5417009,0,-0,0,0.999999881],"scale":0.959390163,"type":"tree_beech_large_b"}
{"pos":[-210.151764,-354.210114,104.103813],"rotationMatrix":[-0.615885258,0.787835658,-0,-0.787835658,-0.615885258,0,-0,0,0.999999881],"scale":0.827441573,"type":"tree_beech_large_b"}
{"pos":[-217.965607,-339.133362,103.546623],"rotationMatrix":[0.0902939066,-0.995915055,0,0.995915055,0.0902939066,0,-0,0,0.999999881],"scale":0.721120715,"type":"tree_beech_large_b"}
{"pos":[-226.518951,-315.760773,103.14135],"rotationMatrix":[-0.129885122,0.991528928,-0,-0.991528928,-0.129885122,0,-0,0,0.999999881],"scale":0.656546831,"type":"tree_beech_large_b"}
{"pos":[-113.620483,-377.129089,103.462646],"rotationMatrix":[0.938161433,0.346197963,0,-0.346197963,0.938161433,-0,-0,0,0.999999881],"scale":0.74230504,"type":"tree_beech_large_b"}
{"pos":[-165.270355,-373.221039,104.052483],"rotationMatrix":[0.944817483,-0.327596843,0,0.327596843,0.944817483,0,-0,0,0.999999881],"scale":0.871782303,"type":"tree_beech_large_b"}
{"pos":[-215.744812,-301.153687,102.526772],"rotationMatrix":[0.768969357,0.639285624,0,-0.639285624,0.768969357,-0,-0,0,0.999999881],"scale":1.0773344,"type":"tree_beech_large_b"}
{"pos":[-207.117294,-286.680084,103.253624],"rotationMatrix":[0.964965284,0.262377381,0,-0.262377381,0.964965284,-0,-0,0,0.999999881],"scale":0.943474531,"type":"tree_beech_large_b"}
{"pos":[-204.192261,-272.472076,101.736931],"rotationMatrix":[0.972239256,-0.233988628,0,0.233988628,0.972239256,0,-0,0,0.999999881],"scale":0.940631509,"type":"tree_beech_large_b"}
{"pos":[-193.830963,-153.025803,104.004578],"rotationMatrix":[-0.825553119,-0.564324439,0,0.564324439,-0.825553119,0,-0,0,0.999999881],"scale":1.18714368,"type":"tree_beech_large_b"}
{"pos":[-195.140106,-147.468445,105.815987],"rotationMatrix":[0.948556244,0.316608518,0,-0.316608518,0.948556244,-0,-0,0,0.999999881],"scale":0.652160525,"type":"tree_beech_large_b"}
