{"pos":[1412.11682,-295.816589,127.811539],"rotationMatrix":[0.737550914,0.675291538,0,-0.675291538,0.737550914,-0,-0,0,0.999999881],"scale":0.8646155,"type":"tree_beech_small_b"}
{"pos":[1432.00903,-302.859985,128.697021],"rotationMatrix":[0.963782191,0.266690314,0,-0.266690314,0.963782191,-0,-0,0,0.999999881],"scale":0.912316978,"type":"tree_beech_small_b"}
{"pos":[1437.6532,-290.260406,129.148193],"rotationMatrix":[-0.771121442,-0.636688054,0,0.636688054,-0.771121442,0,-0,0,0.999999881],"scale":0.956681192,"type":"tree_beech_small_b"}
{"pos":[1449.38696,-152.913132,124.158379],"rotationMatrix":[0.788816333,0.614628971,0,-0.614628971,0.788816333,-0,-0,0,0.999999881],"scale":0.80493933,"type":"tree_beech_small_b"}
{"pos":[1445.66223,-145.189941,121.359802],"rotationMatrix":[-0.036672771,0.999327183,-0,-0.999327183,-0.036672771,0,-0,0,0.999999881],"scale":0.887508631,"type":"tree_beech_small_b"}
{"pos":[1435.69128,-142.837265,120.015823],"rotationMatrix":[0.878162324,-0.478362501,0,0.478362501,0.878162324,0,-0,0,0.999999881],"scale":1.15449882,"type":"tree_beech_small_b"}
{"pos":[1427.64697,-143.612381,118.605171],"rotationMatrix":[0.725492358,-0.688230097,0,0.688230097,0.725492358,0,-0,0,0.999999881],"scale":0.869761527,"type":"tree_beech_small_b"}
{"pos":[1401.0658,-140.096863,118.995712],"rotationMatrix":[-0.920408428,-0.390958041,0,0.390958041,-0.920408428,0,-0,0,0.999999881],"scale":0.840535223,"type":"tree_beech_small_b"}
{"pos":[1397.00696,-138.297668,119.033096],"rotationMatrix":[-0.511031449,-0.85956198,0,0.85956198,-0.511031449,0,-0,0,0.999999881],"scale":1.10853052,"type":"tree_beech_small_b"}
