{"pos":[1457.37756,-287.970032,129.396286],"rotationMatrix":[-0.726941347,-0.686699331,0,0.686699331,-0.726941347,0,0,0,0.999999881],"scale":1.31443274,"type":"tree_beech_bush_e"}
{"pos":[1458.23999,-291.648651,129.919479],"rotationMatrix":[-0.617789209,-0.786343575,0,0.786343575,-0.617789209,0,0,0,0.999999881],"scale":0.867462397,"type":"tree_beech_bush_e"}
{"pos":[1451.9895,-289.48764,129.399811],"rotationMatrix":[0.257099807,0.966384828,0,-0.966384828,0.257099807,0,0,0,0.999999881],"scale":1.12864089,"type":"tree_beech_bush_e"}
{"pos":[1454.0918,-287.397766,129.346313],"rotationMatrix":[-0.440867275,0.89757216,0,-0.89757216,-0.440867275,0,0,0,0.999999881],"scale":1.25085831,"type":"tree_beech_bush_e"}
{"pos":[1456.17896,-286.096039,129.260864],"rotationMatrix":[0.919880211,-0.392199308,0,0.392199308,0.919880211,0,0,0,0.999999881],"scale":0.804082036,"type":"tree_beech_bush_e"}
{"pos":[1453.47302,-294.476135,129.827606],"rotationMatrix":[0.256553262,0.966530085,0,-0.966530085,0.256553262,0,0,0,0.999999881],"scale":1.22506845,"type":"tree_beech_bush_e"}
{"pos":[1455.30518,-293.146118,129.981186],"rotationMatrix":[0.0736374334,-0.997284949,0,0.997284949,0.0736374334,0,0,0,0.999999881],"scale":1.05129325,"type":"tree_beech_bush_e"}
{"pos":[1451.76343,-276.406158,128.214828],"rotationMatrix":[0.012310368,0.999924123,0,-0.999924123,0.012310368,0,0,0,0.999999881],"scale":1.26365912,"type":"tree_beech_bush_e"}
{"pos":[1454.82495,-272.316376,127.93512],"rotationMatrix":[0.338808179,0.940855443,0,-0.940855443,0.338808179,0,0,0,0.999999881],"scale":0.804531753,"type":"tree_beech_bush_e"}
{"pos":[1453.15967,-270.423035,127.975449],"rotationMatrix":[-0.652669251,0.757642686,0,-0.757642686,-0.652669251,0,0,0,0.999999881],"scale":1.23860157,"type":"tree_beech_bush_e"}
{"pos":[-185.941025,-321.288849,103.891174],"rotationMatrix":[-0.719057143,0.694950819,-0,-0.694950819,-0.719057143,0,-0,0,0.999999881],"scale":1.26124287,"type":"tree_beech_bush_e"}
{"pos":[-176.082504,-320.04126,103.999527],"rotationMatrix":[0.972171903,-0.234268278,0,0.234268278,0.972171903,0,-0,0,0.999999881],"scale":0.958088875,"type":"tree_beech_bush_e"}
{"pos":[-194.559387,-315.954834,103.93351],"rotationMatrix":[-0.441616535,0.897203743,-0,-0.897203743,-0.441616535,0,-0,0,0.999999881],"scale":0.888726532,"type":"tree_beech_bush_e"}
{"pos":[-197.950058,-319.616211,103.953331],"rotationMatrix":[0.99728483,-0.0736402273,0,0.0736402273,0.99728483,0,-0,0,0.999999881],"scale":1.28385162,"type":"tree_beech_bush_e"}
{"pos":[-166.883057,-297.280396,104.081352],"rotationMatrix":[0.0259677134,0.999662697,0,-0.999662697,0.0259677134,-0,-0,0,0.999999881],"scale":1.1807152,"type":"tree_beech_bush_e"}
{"pos":[-173.588196,-296.44751,103.557503],"rotationMatrix":[-0.999277949,-0.0379911102,0,0.0379911102,-0.999277949,0,-0,0,0.999999881],"scale":0.87188524,"type":"tree_beech_bush_e"}
{"pos":[-172.82843,-290.733826,103.456116],"rotationMatrix":[0.19821921,-0.980157614,0,0.980157614,0.19821921,0,-0,0,0.999999881],"scale":1.27344501,"type":"tree_beech_bush_e"}
{"pos":[-187.73082,-309.089417,103.988464],"rotationMatrix":[-0.717095852,0.696974277,-0,-0.696974277,-0.717095852,0,-0,0,0.999999881],"scale":0.844452798,"type":"tree_beech_bush_e"}
{"pos":[-191.771835,-286.222198,103.511749],"rotationMatrix":[0.126423791,-0.991976202,0,0.991976202,0.126423791,0,-0,0,0.999999881],"scale":1.29670465,"type":"tree_beech_bush_e"}
{"pos":[-174.851868,-293.659668,103.448074],"rotationMatrix":[-0.814145744,0.580660284,-0,-0.580660284,-0.814145744,0,-0,0,0.999999881],"scale":1.19974875,"type":"tree_beech_bush_e"}
{"pos":[-171.846024,-292.520081,104.001862],"rotationMatrix":[-0.364113182,0.931354582,-0,-0.931354582,-0.364113182,0,-0,0,0.999999881],"scale":0.881267428,"type":"tree_beech_bush_e"}
{"pos":[-162.706909,-289.082764,103.783638],"rotationMatrix":[0.628964603,0.777433932,0,-0.777433932,0.628964603,-0,-0,0,0.999999881],"scale":1.12437654,"type":"tree_beech_bush_e"}
{"pos":[-188.094025,-279.753723,103.98983],"rotationMatrix":[-0.530019104,-0.847985566,0,0.847985566,-0.530019104,0,-0,0,0.999999881],"scale":1.08360958,"type":"tree_beech_bush_e"}
{"pos":[-180.111465,-284.197144,103.366867],"rotationMatrix":[0.466015816,0.884776413,0,-0.884776413,0.466015816,-0,-0,0,0.999999881],"scale":1.1678921,"type":"tree_beech_bush_e"}
{"pos":[-159.671097,-285.40094,103.477058],"rotationMatrix":[-0.734333873,0.678788185,-0,-0.678788185,-0.734333873,0,-0,0,0.999999881],"scale":1.00792146,"type":"tree_beech_bush_e"}
