{"pos":[1392.60071,-295.514862,124.674767],"rotationMatrix":[-0.982310832,0.187257111,-0,-0.187257111,-0.982310832,0,-0,0,0.999999881],"scale":1.17688727,"type":"tree_beech_forest_b"}
{"pos":[1461.72913,-142.584427,122.104431],"rotationMatrix":[0.216892436,0.976195514,0,-0.976195514,0.216892436,-0,-0,0,0.999999881],"scale":0.919359267,"type":"tree_beech_forest_b"}
{"pos":[1458.86987,-144.321793,121.470428],"rotationMatrix":[0.198474631,-0.980105937,0,0.980105937,0.198474631,0,-0,0,0.999999881],"scale":1.14116621,"type":"tree_beech_forest_b"}
{"pos":[1455.37878,-145.681168,122.771782],"rotationMatrix":[0.999999881,-0.000288335315,0,0.000288335315,0.999999881,0,-0,0,0.999999881],"scale":1.0945133,"type":"tree_beech_forest_b"}
{"pos":[1443.34631,-158.355469,120.939362],"rotationMatrix":[-0.83023417,-0.55741477,0,0.55741477,-0.83023417,0,-0,0,0.999999881],"scale":1.13315213,"type":"tree_beech_forest_b"}
{"pos":[1451.51794,-178.333298,124.758331],"rotationMatrix":[-0.998035431,0.0626509488,-0,-0.0626509488,-0.998035431,0,-0,0,0.999999881],"scale":1.04136121,"type":"tree_beech_forest_b"}
{"pos":[1399.99084,-142.816757,118.673943],"rotationMatrix":[-0.72443521,0.689342797,-0,-0.689342797,-0.72443521,0,-0,0,0.999999881],"scale":0.92964375,"type":"tree_beech_forest_b"}
