{"pos":[1406.12256,-289.102631,126.63929],"rotationMatrix":[-0.732085884,-0.681212366,0,0.681212366,-0.732085884,0,-0,0,0.999999881],"scale":0.892717481,"type":"tree_beech_overhang_a"}
{"pos":[1468.03479,-144.217804,123.427689],"rotationMatrix":[-0.856187403,-0.516665459,0,0.516665459,-0.856187403,0,-0,0,0.999999881],"scale":1.11939228,"type":"tree_beech_overhang_a"}
{"pos":[1452.29578,-144.294693,121.405487],"rotationMatrix":[0.944649816,-0.328080088,0,0.328080088,0.944649816,0,-0,0,0.999999881],"scale":1.11437845,"type":"tree_beech_overhang_a"}
{"pos":[1447.21814,-163.894211,123.390343],"rotationMatrix":[0.933687627,-0.358088225,0,0.358088225,0.933687627,0,-0,0,0.999999881],"scale":1.08889246,"type":"tree_beech_overhang_a"}
{"pos":[1448.90369,-155.263458,123.031387],"rotationMatrix":[0.782476783,0.62267977,0,-0.62267977,0.782476783,-0,-0,0,0.999999881],"scale":1.00281382,"type":"tree_beech_overhang_a"}
{"pos":[1449.71387,-142.715744,120.368767],"rotationMatrix":[-0.734904587,-0.678170502,0,0.678170502,-0.734904587,0,-0,0,0.999999881],"scale":0.975319326,"type":"tree_beech_overhang_a"}
{"pos":[1444.03101,-150.964935,121.233955],"rotationMatrix":[-0.566250741,-0.824232876,0,0.824232876,-0.566250741,0,-0,0,0.999999881],"scale":0.894513965,"type":"tree_beech_overhang_a"}
