{"pos":[1419.67749,-297.799835,127.483109],"rotationMatrix":[-0.0501518399,-0.998741508,0,0.998741508,-0.0501518399,0,-0,0,0.999999881],"scale":1.12533963,"type":"tree_beech_small_d"}
{"pos":[1426.68921,-104.297798,113.579712],"rotationMatrix":[0.959398687,0.282053411,0,-0.282053411,0.959398687,-0,-0,0,0.999999881],"scale":1.00070024,"type":"tree_beech_small_d"}
{"pos":[1469.3457,-142.444458,122.329414],"rotationMatrix":[-0.999987543,0.00497872336,-0,-0.00497872336,-0.999987543,0,-0,0,0.999999881],"scale":0.916577101,"type":"tree_beech_small_d"}
{"pos":[1444.88208,-152.730255,121.156067],"rotationMatrix":[0.738896668,-0.673818588,0,0.673818588,0.738896668,0,-0,0,0.999999881],"scale":1.07057083,"type":"tree_beech_small_d"}
{"pos":[1400.50195,-146.941071,119.856186],"rotationMatrix":[0.430018246,0.90282017,0,-0.90282017,0.430018246,-0,-0,0,0.999999881],"scale":1.12644374,"type":"tree_beech_small_d"}
