{"pos":[1455.81873,-290.433014,129.176224],"rotationMatrix":[0.788723886,-0.614747524,0,0.614747524,0.788723886,0,0,0,0.999999881],"scale":0.918569922,"type":"tree_beech_bush_d"}
{"pos":[1454.41467,-289.739319,129.296463],"rotationMatrix":[-0.815217495,-0.579154849,0,0.579154849,-0.815217495,0,0,0,0.999999881],"scale":1.07200611,"type":"tree_beech_bush_d"}
{"pos":[1453.33777,-290.977295,129.43895],"rotationMatrix":[0.86931318,-0.494261533,0,0.494261533,0.86931318,0,0,0,0.999999881],"scale":1.1041019,"type":"tree_beech_bush_d"}
{"pos":[1450.91895,-291.260223,129.236389],"rotationMatrix":[0.914674401,-0.404191226,0,0.404191226,0.914674401,0,0,0,0.999999881],"scale":0.816969991,"type":"tree_beech_bush_d"}
{"pos":[1452.52332,-292.498993,129.704117],"rotationMatrix":[-0.135964751,-0.990713537,0,0.990713537,-0.135964751,0,0,0,0.999999881],"scale":1.1110611,"type":"tree_beech_bush_d"}
{"pos":[1461.37122,-289.157501,129.505096],"rotationMatrix":[-0.203500599,0.979074776,0,-0.979074776,-0.203500599,0,0,0,0.999999881],"scale":1.17904925,"type":"tree_beech_bush_d"}
{"pos":[1463.2887,-290.506836,129.890274],"rotationMatrix":[-0.0902727097,-0.995917022,0,0.995917022,-0.0902727097,0,0,0,0.999999881],"scale":1.21170878,"type":"tree_beech_bush_d"}
{"pos":[1458.36609,-295.630096,129.606674],"rotationMatrix":[0.982191026,-0.187884331,0,0.187884331,0.982191026,0,0,0,0.999999881],"scale":1.0639596,"type":"tree_beech_bush_d"}
{"pos":[1455.66467,-298.644836,129.857086],"rotationMatrix":[-0.631281435,-0.775553644,0,0.775553644,-0.631281435,0,0,0,0.999999881],"scale":1.00090694,"type":"tree_beech_bush_d"}
{"pos":[1455.43713,-296.735992,129.738907],"rotationMatrix":[-0.85244137,0.522822738,0,-0.522822738,-0.85244137,0,0,0,0.999999881],"scale":1.055444,"type":"tree_beech_bush_d"}
{"pos":[1451.1709,-292.745239,129.086243],"rotationMatrix":[-0.592039466,0.80590874,0,-0.80590874,-0.592039466,0,0,0,0.999999881],"scale":0.914735258,"type":"tree_beech_bush_d"}
{"pos":[1453.14905,-278.231323,127.960548],"rotationMatrix":[0.637856603,0.770155132,0,-0.770155132,0.637856603,0,0,0,0.999999881],"scale":1.2565589,"type":"tree_beech_bush_d"}
{"pos":[1453.75598,-274.106476,127.927612],"rotationMatrix":[0.935201466,-0.354115784,0,0.354115784,0.935201466,0,0,0,0.999999881],"scale":1.0143019,"type":"tree_beech_bush_d"}
{"pos":[-175.233124,-315.417633,103.641251],"rotationMatrix":[-0.980323374,-0.197398439,0,0.197398439,-0.980323374,0,-0,0,0.999999881],"scale":1.14955163,"type":"tree_beech_bush_d"}
{"pos":[-188.774124,-300.210358,103.504761],"rotationMatrix":[0.540842474,0.841123879,0,-0.841123879,0.540842474,-0,-0,0,0.999999881],"scale":0.926109731,"type":"tree_beech_bush_d"}
{"pos":[-192.437744,-301.701874,103.369423],"rotationMatrix":[-0.960320711,0.278897643,-0,-0.278897643,-0.960320711,0,-0,0,0.999999881],"scale":0.883577108,"type":"tree_beech_bush_d"}
{"pos":[-181.753662,-294.350647,103.434853],"rotationMatrix":[0.012102006,0.999926686,0,-0.999926686,0.012102006,-0,-0,0,0.999999881],"scale":0.98329246,"type":"tree_beech_bush_d"}
{"pos":[-177.402817,-300.086273,103.078987],"rotationMatrix":[0.697221696,0.716855526,0,-0.716855526,0.697221696,-0,-0,0,0.999999881],"scale":0.985931873,"type":"tree_beech_bush_d"}
{"pos":[-196.420959,-314.397827,103.258026],"rotationMatrix":[-0.842281163,-0.53903842,0,0.53903842,-0.842281163,0,-0,0,0.999999881],"scale":0.821262896,"type":"tree_beech_bush_d"}
{"pos":[-199.009644,-306.067413,103.460594],"rotationMatrix":[-0.296922058,-0.954901636,0,0.954901636,-0.296922058,0,-0,0,0.999999881],"scale":1.15670013,"type":"tree_beech_bush_d"}
{"pos":[-182.646164,-319.898743,103.784233],"rotationMatrix":[-0.314041913,-0.949409068,0,0.949409068,-0.314041913,0,-0,0,0.999999881],"scale":1.03120267,"type":"tree_beech_bush_d"}
{"pos":[-172.304672,-308.541565,104.0327],"rotationMatrix":[-0.993533969,-0.113534354,0,0.113534354,-0.993533969,0,-0,0,0.999999881],"scale":1.09848142,"type":"tree_beech_bush_d"}
{"pos":[-176.042847,-313.443878,103.919563],"rotationMatrix":[-0.704921246,0.709285498,-0,-0.709285498,-0.704921246,0,-0,0,0.999999881],"scale":0.888488293,"type":"tree_beech_bush_d"}
{"pos":[-183.867691,-304.611328,103.337013],"rotationMatrix":[0.997217596,0.0745446533,0,-0.0745446533,0.997217596,-0,-0,0,0.999999881],"scale":1.01739097,"type":"tree_beech_bush_d"}
{"pos":[-180.325027,-292.560303,103.446449],"rotationMatrix":[-0.132931009,-0.991125226,0,0.991125226,-0.132931009,0,-0,0,0.999999881],"scale":1.21048772,"type":"tree_beech_bush_d"}
{"pos":[-194.900269,-306.602356,103.121742],"rotationMatrix":[-0.237030134,-0.971502244,0,0.971502244,-0.237030134,0,-0,0,0.999999881],"scale":1.13370013,"type":"tree_beech_bush_d"}
{"pos":[-170.295273,-294.500488,103.929092],"rotationMatrix":[-0.170298547,-0.985392451,0,0.985392451,-0.170298547,0,-0,0,0.999999881],"scale":1.13177633,"type":"tree_beech_bush_d"}
{"pos":[-185.967972,-294.877289,103.28109],"rotationMatrix":[0.265187532,-0.964196742,0,0.964196742,0.265187532,0,-0,0,0.999999881],"scale":1.00025868,"type":"tree_beech_bush_d"}
{"pos":[-187.528244,-288.030609,103.522514],"rotationMatrix":[-0.21780996,-0.97599107,0,0.97599107,-0.21780996,0,-0,0,0.999999881],"scale":1.12075949,"type":"tree_beech_bush_d"}
{"pos":[-173.95755,-304.4841,103.265732],"rotationMatrix":[-0.877166092,0.48018679,-0,-0.48018679,-0.877166092,0,-0,0,0.999999881],"scale":0.905183911,"type":"tree_beech_bush_d"}
{"pos":[-181.850861,-307.243805,103.38195],"rotationMatrix":[-0.163113281,-0.986607254,0,0.986607254,-0.163113281,0,-0,0,0.999999881],"scale":1.21379316,"type":"tree_beech_bush_d"}
{"pos":[-169.514023,-292.685669,103.662888],"rotationMatrix":[-0.745499194,-0.666506469,0,0.666506469,-0.745499194,0,-0,0,0.999999881],"scale":1.22948587,"type":"tree_beech_bush_d"}
