{"pos":[1390.45813,-295.490906,124.587624],"rotationMatrix":[-0.101013541,-0.994884908,0,0.994884908,-0.101013541,0,-0,0,0.999999881],"scale":1.19515073,"type":"tree_beech_large_c"}
{"pos":[1439.75928,-290.989319,129.157043],"rotationMatrix":[-0.515668631,-0.856788039,0,0.856788039,-0.515668631,0,-0,0,0.999999881],"scale":0.653134644,"type":"tree_beech_large_c"}
{"pos":[1438.59167,-296.555756,128.65564],"rotationMatrix":[0.373260289,0.927726686,0,-0.927726686,0.373260289,-0,-0,0,0.999999881],"scale":1.04723239,"type":"tree_beech_large_c"}
{"pos":[1437.13684,-104.328766,114.964806],"rotationMatrix":[0.00646031927,0.999979079,0,-0.999979079,0.00646031927,-0,-0,0,0.999999881],"scale":0.861791253,"type":"tree_beech_large_c"}
{"pos":[1456.57471,-143.904068,121.469955],"rotationMatrix":[0.778981447,0.627047002,0,-0.627047002,0.778981447,-0,-0,0,0.999999881],"scale":0.958904684,"type":"tree_beech_large_c"}
{"pos":[1450.24451,-150.868057,123.291939],"rotationMatrix":[-0.94010061,-0.340897053,0,0.340897053,-0.94010061,0,-0,0,0.999999881],"scale":0.669305563,"type":"tree_beech_large_c"}
{"pos":[1445.7666,-164.586197,123.540848],"rotationMatrix":[-0.999127448,-0.0417634621,0,0.0417634621,-0.999127448,0,-0,0,0.999999881],"scale":0.739036381,"type":"tree_beech_large_c"}
{"pos":[1427.75122,-153.548203,118.938789],"rotationMatrix":[-0.719283104,0.694716811,-0,-0.694716811,-0.719283104,0,-0,0,0.999999881],"scale":1.05481696,"type":"tree_beech_large_c"}
{"pos":[1402.21948,-152.482208,119.861298],"rotationMatrix":[0.25135684,-0.967894375,0,0.967894375,0.25135684,0,-0,0,0.999999881],"scale":1.00183463,"type":"tree_beech_large_c"}
