{"pos":[1437.06982,-292.540924,129.292938],"rotationMatrix":[0.976691902,0.214646012,0,-0.214646012,0.976691902,-0,-0,0,0.999999881],"scale":0.64530915,"type":"tree_beech_large_b"}
{"pos":[1445.16614,-112.957626,114.272339],"rotationMatrix":[0.681984484,-0.731366396,0,0.731366396,0.681984484,0,-0,0,0.999999881],"scale":0.910432339,"type":"tree_beech_large_b"}
{"pos":[1462.86267,-125.043106,117.556587],"rotationMatrix":[0.755204916,0.655488789,0,-0.655488789,0.755204916,-0,-0,0,0.999999881],"scale":0.992065549,"type":"tree_beech_large_b"}
{"pos":[1444.17078,-166.620483,123.742203],"rotationMatrix":[-0.959722459,0.280949593,-0,-0.280949593,-0.959722459,0,-0,0,0.999999881],"scale":0.848611057,"type":"tree_beech_large_b"}
{"pos":[1448.28723,-146.399689,121.435242],"rotationMatrix":[-0.822858214,-0.568246543,0,0.568246543,-0.822858214,0,-0,0,0.999999881],"scale":0.608706713,"type":"tree_beech_large_b"}
{"pos":[1434.11243,-144.727142,119.119621],"rotationMatrix":[-0.125399321,0.992106259,-0,-0.992106259,-0.125399321,0,-0,0,0.999999881],"scale":0.780742705,"type":"tree_beech_large_b"}
{"pos":[1423.45667,-147.235031,117.183922],"rotationMatrix":[-0.151532963,0.988452137,-0,-0.988452137,-0.151532963,0,-0,0,0.999999881],"scale":0.87529707,"type":"tree_beech_large_b"}
