{"pos":[1383.46045,-291.678131,125.293732],"rotationMatrix":[-0.999009967,-0.044485338,0,0.044485338,-0.999009967,0,-0,0,0.999999881],"scale":1.25634193,"type":"tree_beech_small_forest_group2"}
{"pos":[1383.04822,-286.184509,125.881958],"rotationMatrix":[0.922571599,-0.385825723,0,0.385825723,0.922571599,0,-0,0,0.999999881],"scale":1.26724577,"type":"tree_beech_small_forest_group2"}
{"pos":[1403.31909,-299.285461,126.680328],"rotationMatrix":[0.996281087,-0.0861616135,0,0.0861616135,0.996281087,0,-0,0,0.999999881],"scale":1.262519,"type":"tree_beech_small_forest_group2"}
{"pos":[1427.18042,-303.279358,128.82309],"rotationMatrix":[0.123400666,-0.992356837,0,0.992356837,0.123400666,0,-0,0,0.999999881],"scale":1.09305501,"type":"tree_beech_small_forest_group2"}
{"pos":[1435.10425,-298.540131,129.411316],"rotationMatrix":[-0.294249684,-0.955728471,0,0.955728471,-0.294249684,0,-0,0,0.999999881],"scale":1.07379913,"type":"tree_beech_small_forest_group2"}
{"pos":[1434.09814,-104.756508,115.071365],"rotationMatrix":[0.315346628,0.948976576,0,-0.948976576,0.315346628,-0,-0,0,0.999999881],"scale":1.02363765,"type":"tree_beech_small_forest_group2"}
{"pos":[1429.93005,-148.885223,119.390823],"rotationMatrix":[-0.906457841,-0.422296315,0,0.422296315,-0.906457841,0,-0,0,0.999999881],"scale":1.10287094,"type":"tree_beech_small_forest_group2"}
{"pos":[1412.76709,-139.543411,117.781075],"rotationMatrix":[-0.647903204,0.761722445,-0,-0.761722445,-0.647903204,0,-0,0,0.999999881],"scale":1.2128408,"type":"tree_beech_small_forest_group2"}
{"pos":[1404.74536,-142.254028,118.090591],"rotationMatrix":[-0.814929664,-0.579559684,0,0.579559684,-0.814929664,0,-0,0,0.999999881],"scale":1.2953732,"type":"tree_beech_small_forest_group2"}
{"pos":[1399.51111,-160.759186,121.320007],"rotationMatrix":[-0.920768738,-0.390108854,0,0.390108854,-0.920768738,0,-0,0,0.999999881],"scale":1.25988889,"type":"tree_beech_small_forest_group2"}
{"pos":[1400.65002,-172.710297,120.396805],"rotationMatrix":[-0.444100499,-0.895976961,0,0.895976961,-0.444100499,0,-0,0,0.999999881],"scale":1.17918944,"type":"tree_beech_small_forest_group2"}
