{"pos":[1385.62036,-294.552368,123.545227],"rotationMatrix":[0.832330883,0.554279029,0,-0.554279029,0.832330883,-0,-0,0,0.999999881],"scale":1.2304976,"type":"tree_beech_forest_group"}
{"pos":[1433.0647,-109.549362,114.104721],"rotationMatrix":[-0.919903159,-0.392145544,0,0.392145544,-0.919903159,0,-0,0,0.999999881],"scale":1.03381109,"type":"tree_beech_forest_group"}
{"pos":[1464.33765,-142.764755,122.692421],"rotationMatrix":[0.905688107,-0.423944324,0,0.423944324,0.905688107,0,-0,0,0.999999881],"scale":1.32748795,"type":"tree_beech_forest_group"}
{"pos":[1453.18384,-148.303741,123.499298],"rotationMatrix":[0.0635307133,0.99797982,0,-0.99797982,0.0635307133,-0,-0,0,0.999999881],"scale":1.49494708,"type":"tree_beech_forest_group"}
{"pos":[1433.44861,-175.541061,120.359215],"rotationMatrix":[-0.10488952,0.994483769,-0,-0.994483769,-0.10488952,0,-0,0,0.999999881],"scale":1.10776639,"type":"tree_beech_forest_group"}
{"pos":[1433.15369,-183.747025,121.001999],"rotationMatrix":[0.694277704,-0.719707012,0,0.719707012,0.694277704,0,-0,0,0.999999881],"scale":1.24014199,"type":"tree_beech_forest_group"}
{"pos":[1399.96411,-157.295731,120.8563],"rotationMatrix":[-0.616770685,0.787142634,-0,-0.787142634,-0.616770685,0,-0,0,0.999999881],"scale":1.02900827,"type":"tree_beech_forest_group"}
