{"pos":[1455.81873,-290.433014,129.176224],"rotationMatrix":[0.788723886,-0.614747524,0,0.614747524,0.788723886,0,-0,0,0.999999881],"scale":0.918569922,"type":"tree_beech_bush_d"}
{"pos":[1454.41467,-289.739319,129.296463],"rotationMatrix":[-0.815217495,-0.579154849,0,0.579154849,-0.815217495,0,-0,0,0.999999881],"scale":1.07200611,"type":"tree_beech_bush_d"}
{"pos":[1453.33777,-290.977295,129.43895],"rotationMatrix":[0.86931318,-0.494261533,0,0.494261533,0.86931318,0,-0,0,0.999999881],"scale":1.1041019,"type":"tree_beech_bush_d"}
{"pos":[1450.91895,-291.260223,129.236389],"rotationMatrix":[0.914674401,-0.404191226,0,0.404191226,0.914674401,0,-0,0,0.999999881],"scale":0.816969991,"type":"tree_beech_bush_d"}
{"pos":[1452.52332,-292.498993,129.704117],"rotationMatrix":[-0.135964751,-0.990713537,0,0.990713537,-0.135964751,0,-0,0,0.999999881],"scale":1.1110611,"type":"tree_beech_bush_d"}
{"pos":[1461.37122,-289.157501,129.505096],"rotationMatrix":[-0.203500599,0.979074776,-0,-0.979074776,-0.203500599,0,-0,0,0.999999881],"scale":1.17904925,"type":"tree_beech_bush_d"}
{"pos":[1463.2887,-290.506836,129.890274],"rotationMatrix":[-0.0902727097,-0.995917022,0,0.995917022,-0.0902727097,0,-0,0,0.999999881],"scale":1.21170878,"type":"tree_beech_bush_d"}
{"pos":[1458.36609,-295.630096,129.606674],"rotationMatrix":[0.982191026,-0.187884331,0,0.187884331,0.982191026,0,-0,0,0.999999881],"scale":1.0639596,"type":"tree_beech_bush_d"}
{"pos":[1455.66467,-298.644836,129.857086],"rotationMatrix":[-0.631281435,-0.775553644,0,0.775553644,-0.631281435,0,-0,0,0.999999881],"scale":1.00090694,"type":"tree_beech_bush_d"}
{"pos":[1455.43713,-296.735992,129.738907],"rotationMatrix":[-0.85244137,0.522822738,-0,-0.522822738,-0.85244137,0,-0,0,0.999999881],"scale":1.055444,"type":"tree_beech_bush_d"}
{"pos":[1451.1709,-292.745239,129.086243],"rotationMatrix":[-0.592039466,0.80590874,-0,-0.80590874,-0.592039466,0,-0,0,0.999999881],"scale":0.914735258,"type":"tree_beech_bush_d"}
{"pos":[1453.14905,-278.231323,127.960548],"rotationMatrix":[0.637856603,0.770155132,0,-0.770155132,0.637856603,-0,-0,0,0.999999881],"scale":1.2565589,"type":"tree_beech_bush_d"}
{"pos":[1453.75598,-274.106476,127.927612],"rotationMatrix":[0.935201466,-0.354115784,0,0.354115784,0.935201466,0,-0,0,0.999999881],"scale":1.0143019,"type":"tree_beech_bush_d"}
