{"pos":[1385.62036,-294.552368,123.545227],"rotationMatrix":[0.832330883,0.554279029,0,-0.554279029,0.832330883,0,0,0,0.999999881],"scale":1.2304976,"type":"tree_beech_forest_group"}
{"pos":[1433.0647,-109.549362,114.104721],"rotationMatrix":[-0.919903159,-0.392145544,0,0.392145544,-0.919903159,0,0,0,0.999999881],"scale":1.03381109,"type":"tree_beech_forest_group"}
{"pos":[1464.33765,-142.764755,122.692421],"rotationMatrix":[0.905688107,-0.423944324,0,0.423944324,0.905688107,0,0,0,0.999999881],"scale":1.32748795,"type":"tree_beech_forest_group"}
{"pos":[1453.18384,-148.303741,123.499298],"rotationMatrix":[0.0635307133,0.99797982,0,-0.99797982,0.0635307133,0,0,0,0.999999881],"scale":1.49494708,"type":"tree_beech_forest_group"}
{"pos":[1433.44861,-175.541061,120.359215],"rotationMatrix":[-0.10488952,0.994483769,0,-0.994483769,-0.10488952,0,0,0,0.999999881],"scale":1.10776639,"type":"tree_beech_forest_group"}
{"pos":[1433.15369,-183.747025,121.001999],"rotationMatrix":[0.694277704,-0.719707012,0,0.719707012,0.694277704,0,0,0,0.999999881],"scale":1.24014199,"type":"tree_beech_forest_group"}
{"pos":[1399.96411,-157.295731,120.8563],"rotationMatrix":[-0.616770685,0.787142634,0,-0.787142634,-0.616770685,0,0,0,0.999999881],"scale":1.02900827,"type":"tree_beech_forest_group"}
{"pos":[81.1844864,-285.403931,105.390114],"rotationMatrix":[0.496590972,0.867984712,0,-0.867984712,0.496590972,-0,-0,0,0.999999881],"scale":1.35313749,"type":"tree_beech_forest_group"}
{"pos":[131.922729,-244.376007,105.808784],"rotationMatrix":[-0.00209292397,-0.999997735,0,0.999997735,-0.00209292397,0,-0,0,0.999999881],"scale":1.28752804,"type":"tree_beech_forest_group"}
{"pos":[197.422256,-220.585876,106.10627],"rotationMatrix":[-0.0943308175,0.995540798,-0,-0.995540798,-0.0943308175,0,-0,0,0.999999881],"scale":1.44569695,"type":"tree_beech_forest_group"}
{"pos":[29.2121449,-353.692505,107.943481],"rotationMatrix":[0.535966992,-0.844238818,0,0.844238818,0.535966992,0,-0,0,0.999999881],"scale":1.24246907,"type":"tree_beech_forest_group"}
{"pos":[23.4216614,-358.516479,107.603653],"rotationMatrix":[-0.975497782,-0.220008895,0,0.220008895,-0.975497782,0,-0,0,0.999999881],"scale":1.44842386,"type":"tree_beech_forest_group"}
{"pos":[-134.731064,-376.458221,103.418129],"rotationMatrix":[0.0274234544,0.999623775,0,-0.999623775,0.0274234544,-0,-0,0,0.999999881],"scale":1.34894741,"type":"tree_beech_forest_group"}
{"pos":[-232.06636,-338.549622,102.518547],"rotationMatrix":[0.914624512,0.404304296,0,-0.404304296,0.914624512,-0,-0,0,0.999999881],"scale":1.17914784,"type":"tree_beech_forest_group"}
{"pos":[-224.613449,-349.682129,103.499847],"rotationMatrix":[-0.121221475,0.992625356,-0,-0.992625356,-0.121221475,0,-0,0,0.999999881],"scale":1.16292405,"type":"tree_beech_forest_group"}
{"pos":[-220.77034,-335.539398,103.182945],"rotationMatrix":[0.923315346,0.384042472,0,-0.384042472,0.923315346,-0,-0,0,0.999999881],"scale":1.37001491,"type":"tree_beech_forest_group"}
{"pos":[-230.970139,-320.652496,103.379295],"rotationMatrix":[-0.944248021,-0.329234689,0,0.329234689,-0.944248021,0,-0,0,0.999999881],"scale":1.33412015,"type":"tree_beech_forest_group"}
{"pos":[-195.102234,-248.213547,103.597198],"rotationMatrix":[-0.99965167,0.0263892431,-0,-0.0263892431,-0.99965167,0,-0,0,0.999999881],"scale":1.35420918,"type":"tree_beech_forest_group"}
{"pos":[-197.07785,-239.173386,101.610619],"rotationMatrix":[-0.602573276,-0.798063397,0,0.798063397,-0.602573276,0,-0,0,0.999999881],"scale":1.33402538,"type":"tree_beech_forest_group"}
{"pos":[-194.794998,-150.144608,104.957764],"rotationMatrix":[0.999244928,0.0388498865,0,-0.0388498865,0.999244928,-0,-0,0,0.999999881],"scale":1.22226667,"type":"tree_beech_forest_group"}
{"pos":[-194.965225,-89.865303,102.865578],"rotationMatrix":[0.454844564,0.890570819,0,-0.890570819,0.454844564,-0,-0,0,0.999999881],"scale":1.0339278,"type":"tree_beech_forest_group"}
