{"pos":[1406.12256,-289.102631,126.63929],"rotationMatrix":[-0.732085884,-0.681212366,0,0.681212366,-0.732085884,0,0,0,0.999999881],"scale":0.892717481,"type":"tree_beech_overhang_a"}
{"pos":[1468.03479,-144.217804,123.427689],"rotationMatrix":[-0.856187403,-0.516665459,0,0.516665459,-0.856187403,0,0,0,0.999999881],"scale":1.11939228,"type":"tree_beech_overhang_a"}
{"pos":[1452.29578,-144.294693,121.405487],"rotationMatrix":[0.944649816,-0.328080088,0,0.328080088,0.944649816,0,0,0,0.999999881],"scale":1.11437845,"type":"tree_beech_overhang_a"}
{"pos":[1447.21814,-163.894211,123.390343],"rotationMatrix":[0.933687627,-0.358088225,0,0.358088225,0.933687627,0,0,0,0.999999881],"scale":1.08889246,"type":"tree_beech_overhang_a"}
{"pos":[1448.90369,-155.263458,123.031387],"rotationMatrix":[0.782476783,0.62267977,0,-0.62267977,0.782476783,0,0,0,0.999999881],"scale":1.00281382,"type":"tree_beech_overhang_a"}
{"pos":[1449.71387,-142.715744,120.368767],"rotationMatrix":[-0.734904587,-0.678170502,0,0.678170502,-0.734904587,0,0,0,0.999999881],"scale":0.975319326,"type":"tree_beech_overhang_a"}
{"pos":[1444.03101,-150.964935,121.233955],"rotationMatrix":[-0.566250741,-0.824232876,0,0.824232876,-0.566250741,0,0,0,0.999999881],"scale":0.894513965,"type":"tree_beech_overhang_a"}
{"pos":[54.8685875,-318.881439,108.281181],"rotationMatrix":[0.0655592084,-0.99784863,0,0.99784863,0.0655592084,0,-0,0,0.999999881],"scale":0.950562894,"type":"tree_beech_overhang_a"}
{"pos":[70.7500305,-300.928528,105.361038],"rotationMatrix":[0.0226208288,0.999744058,0,-0.999744058,0.0226208288,-0,-0,0,0.999999881],"scale":0.859008849,"type":"tree_beech_overhang_a"}
{"pos":[60.2982101,-275.585266,106.213516],"rotationMatrix":[0.0343156941,0.999410987,0,-0.999410987,0.0343156941,-0,-0,0,0.999999881],"scale":1.02567732,"type":"tree_beech_overhang_a"}
{"pos":[103.241539,-254.917297,106.425697],"rotationMatrix":[-0.98055464,-0.19624579,0,0.19624579,-0.98055464,0,-0,0,0.999999881],"scale":0.833807528,"type":"tree_beech_overhang_a"}
{"pos":[102.957054,-251.179794,107.099571],"rotationMatrix":[0.45230031,0.89186573,0,-0.89186573,0.45230031,-0,-0,0,0.999999881],"scale":0.886518002,"type":"tree_beech_overhang_a"}
{"pos":[120.484489,-246.075455,106.377594],"rotationMatrix":[-0.893943489,0.448179394,-0,-0.448179394,-0.893943489,0,-0,0,0.999999881],"scale":1.15605152,"type":"tree_beech_overhang_a"}
{"pos":[19.9291039,-361.604004,106.486221],"rotationMatrix":[0.956760287,-0.290877253,0,0.290877253,0.956760287,0,-0,0,0.999999881],"scale":0.872462213,"type":"tree_beech_overhang_a"}
{"pos":[-105.972237,-377.760254,103.275803],"rotationMatrix":[-0.0641370937,0.997940958,-0,-0.997940958,-0.0641370937,0,-0,0,0.999999881],"scale":0.985522032,"type":"tree_beech_overhang_a"}
{"pos":[-125.711266,-378.198059,103.59465],"rotationMatrix":[0.440630227,-0.897688568,0,0.897688568,0.440630227,0,-0,0,0.999999881],"scale":0.855078936,"type":"tree_beech_overhang_a"}
{"pos":[-196.147049,-366.746857,103.121834],"rotationMatrix":[0.454606324,0.890692532,0,-0.890692532,0.454606324,-0,-0,0,0.999999881],"scale":1.01215911,"type":"tree_beech_overhang_a"}
{"pos":[-202.353699,-361.862091,103.078156],"rotationMatrix":[0.715457678,0.698656082,0,-0.698656082,0.715457678,-0,-0,0,0.999999881],"scale":0.881246746,"type":"tree_beech_overhang_a"}
{"pos":[-209.872833,-359.636536,104.098434],"rotationMatrix":[0.746860385,0.664980888,0,-0.664980888,0.746860385,-0,-0,0,0.999999881],"scale":0.98944521,"type":"tree_beech_overhang_a"}
{"pos":[-222.205017,-330.646149,102.884041],"rotationMatrix":[0.00811966788,0.999966979,0,-0.999966979,0.00811966788,-0,-0,0,0.999999881],"scale":1.18438017,"type":"tree_beech_overhang_a"}
{"pos":[-88.6680832,-373.07605,102.867157],"rotationMatrix":[0.739567816,-0.673081875,0,0.673081875,0.739567816,0,-0,0,0.999999881],"scale":1.15789187,"type":"tree_beech_overhang_a"}
{"pos":[-195.820206,-246.071228,103.232445],"rotationMatrix":[-0.740313351,-0.672261953,0,0.672261953,-0.740313351,0,-0,0,0.999999881],"scale":0.845545232,"type":"tree_beech_overhang_a"}
{"pos":[-193.533691,-218.656708,102.320183],"rotationMatrix":[0.889883935,-0.456186771,0,0.456186771,0.889883935,0,-0,0,0.999999881],"scale":0.991960526,"type":"tree_beech_overhang_a"}
{"pos":[-196.136444,-216.817749,101.745346],"rotationMatrix":[-0.957855403,0.287250578,-0,-0.287250578,-0.957855403,0,-0,0,0.999999881],"scale":0.942384362,"type":"tree_beech_overhang_a"}
{"pos":[-193.008438,-203.098984,103.218559],"rotationMatrix":[0.90032953,-0.435208619,0,0.435208619,0.90032953,0,-0,0,0.999999881],"scale":0.906011641,"type":"tree_beech_overhang_a"}
{"pos":[-194.472214,-187.573593,102.699799],"rotationMatrix":[0.711362422,-0.702825189,0,0.702825189,0.711362422,0,-0,0,0.999999881],"scale":0.901689351,"type":"tree_beech_overhang_a"}
{"pos":[-194.021652,-180.519012,103.645248],"rotationMatrix":[-0.996038973,0.0889165774,-0,-0.0889165774,-0.996038973,0,-0,0,0.999999881],"scale":0.848891139,"type":"tree_beech_overhang_a"}
{"pos":[-191.424759,-163.903656,104.734894],"rotationMatrix":[0.283666879,0.958922863,0,-0.958922863,0.283666879,-0,-0,0,0.999999881],"scale":1.1098963,"type":"tree_beech_overhang_a"}
{"pos":[-191.648331,-151.359772,104.267113],"rotationMatrix":[-0.970303237,-0.241891533,0,0.241891533,-0.970303237,0,-0,0,0.999999881],"scale":1.10608613,"type":"tree_beech_overhang_a"}
{"pos":[-190.864502,-134.136627,105.737541],"rotationMatrix":[-0.419200093,-0.907893717,0,0.907893717,-0.419200093,0,-0,0,0.999999881],"scale":1.18179822,"type":"tree_beech_overhang_a"}
