{"pos":[1457.37756,-287.970032,129.396286],"rotationMatrix":[-0.726941347,-0.686699331,0,0.686699331,-0.726941347,0,0,0,0.999999881],"scale":1.31443274,"type":"tree_beech_bush_e"}
{"pos":[1458.23999,-291.648651,129.919479],"rotationMatrix":[-0.617789209,-0.786343575,0,0.786343575,-0.617789209,0,0,0,0.999999881],"scale":0.867462397,"type":"tree_beech_bush_e"}
{"pos":[1451.9895,-289.48764,129.399811],"rotationMatrix":[0.257099807,0.966384828,0,-0.966384828,0.257099807,0,0,0,0.999999881],"scale":1.12864089,"type":"tree_beech_bush_e"}
{"pos":[1454.0918,-287.397766,129.346313],"rotationMatrix":[-0.440867275,0.89757216,0,-0.89757216,-0.440867275,0,0,0,0.999999881],"scale":1.25085831,"type":"tree_beech_bush_e"}
{"pos":[1456.17896,-286.096039,129.260864],"rotationMatrix":[0.919880211,-0.392199308,0,0.392199308,0.919880211,0,0,0,0.999999881],"scale":0.804082036,"type":"tree_beech_bush_e"}
{"pos":[1453.47302,-294.476135,129.827606],"rotationMatrix":[0.256553262,0.966530085,0,-0.966530085,0.256553262,0,0,0,0.999999881],"scale":1.22506845,"type":"tree_beech_bush_e"}
{"pos":[1455.30518,-293.146118,129.981186],"rotationMatrix":[0.0736374334,-0.997284949,0,0.997284949,0.0736374334,0,0,0,0.999999881],"scale":1.05129325,"type":"tree_beech_bush_e"}
{"pos":[1451.76343,-276.406158,128.214828],"rotationMatrix":[0.012310368,0.999924123,0,-0.999924123,0.012310368,0,0,0,0.999999881],"scale":1.26365912,"type":"tree_beech_bush_e"}
{"pos":[1454.82495,-272.316376,127.93512],"rotationMatrix":[0.338808179,0.940855443,0,-0.940855443,0.338808179,0,0,0,0.999999881],"scale":0.804531753,"type":"tree_beech_bush_e"}
{"pos":[1453.15967,-270.423035,127.975449],"rotationMatrix":[-0.652669251,0.757642686,0,-0.757642686,-0.652669251,0,0,0,0.999999881],"scale":1.23860157,"type":"tree_beech_bush_e"}
