{"pos":[1398.25793,-288.720764,125.397972],"rotationMatrix":[0.169062003,-0.985605299,0,0.985605299,0.169062003,0,0,0,0.999999881],"scale":0.971611381,"type":"tree_beech_forest_a"}
{"pos":[1390.78406,-297.74884,124.328377],"rotationMatrix":[-0.320015311,-0.947412312,0,0.947412312,-0.320015311,0,0,0,0.999999881],"scale":0.965729594,"type":"tree_beech_forest_a"}
{"pos":[1431.3396,-104.330719,114.199745],"rotationMatrix":[0.996460021,0.0840670094,0,-0.0840670094,0.996460021,0,0,0,0.999999881],"scale":1.0200119,"type":"tree_beech_forest_a"}
{"pos":[1459.79028,-125.018967,116.76992],"rotationMatrix":[-0.967606604,0.252462447,0,-0.252462447,-0.967606604,0,0,0,0.999999881],"scale":1.1458894,"type":"tree_beech_forest_a"}
{"pos":[1444.14172,-156.358856,121.270622],"rotationMatrix":[0.488220841,-0.872719944,0,0.872719944,0.488220841,0,0,0,0.999999881],"scale":1.09225643,"type":"tree_beech_forest_a"}
{"pos":[1446.76111,-151.252121,121.31826],"rotationMatrix":[-0.558531165,0.82948333,0,-0.82948333,-0.558531165,0,0,0,0.999999881],"scale":0.923177302,"type":"tree_beech_forest_a"}
{"pos":[1423.5592,-145.003601,116.673119],"rotationMatrix":[-0.993459702,0.114182122,0,-0.114182122,-0.993459702,0,0,0,0.999999881],"scale":1.09737527,"type":"tree_beech_forest_a"}
{"pos":[1417.90723,-141.50502,116.961525],"rotationMatrix":[0.973447144,0.228911847,0,-0.228911847,0.973447144,0,0,0,0.999999881],"scale":1.15659189,"type":"tree_beech_forest_a"}
{"pos":[1403.30273,-159.798752,119.767227],"rotationMatrix":[-0.994758427,-0.10225217,0,0.10225217,-0.994758427,0,0,0,0.999999881],"scale":1.11061418,"type":"tree_beech_forest_a"}
{"pos":[69.6388245,-292.94046,105.090012],"rotationMatrix":[-0.379813641,0.925062895,-0,-0.925062895,-0.379813641,0,-0,0,0.999999881],"scale":1.04118693,"type":"tree_beech_forest_a"}
{"pos":[57.6562119,-299.062469,107.157829],"rotationMatrix":[-0.605666757,-0.795718372,0,0.795718372,-0.605666757,0,-0,0,0.999999881],"scale":1.02992797,"type":"tree_beech_forest_a"}
{"pos":[122.525978,-242.387207,106.041916],"rotationMatrix":[-0.7602911,0.649582386,-0,-0.649582386,-0.7602911,0,-0,0,0.999999881],"scale":1.14819813,"type":"tree_beech_forest_a"}
{"pos":[51.9527206,-349.604065,103.655266],"rotationMatrix":[-0.999860048,0.016721271,-0,-0.016721271,-0.999860048,0,-0,0,0.999999881],"scale":1.16131592,"type":"tree_beech_forest_a"}
{"pos":[33.8653679,-347.821838,107.316452],"rotationMatrix":[-0.942738354,-0.333533198,0,0.333533198,-0.942738354,0,-0,0,0.999999881],"scale":1.04297101,"type":"tree_beech_forest_a"}
{"pos":[14.1456947,-361.151672,107.73098],"rotationMatrix":[-0.938829482,-0.344382286,0,0.344382286,-0.938829482,0,-0,0,0.999999881],"scale":0.985992551,"type":"tree_beech_forest_a"}
{"pos":[4.40853119,-368.315338,105.261749],"rotationMatrix":[0.116766661,0.993159354,0,-0.993159354,0.116766661,-0,-0,0,0.999999881],"scale":0.958598733,"type":"tree_beech_forest_a"}
{"pos":[3.81715345,-363.967987,107.164848],"rotationMatrix":[-0.493110031,0.869966805,-0,-0.869966805,-0.493110031,0,-0,0,0.999999881],"scale":0.973280072,"type":"tree_beech_forest_a"}
{"pos":[-0.229025126,-368.516937,105.98999],"rotationMatrix":[0.713883758,0.700264215,0,-0.700264215,0.713883758,-0,-0,0,0.999999881],"scale":1.02275681,"type":"tree_beech_forest_a"}
{"pos":[-97.0214157,-373.235016,103.659157],"rotationMatrix":[0.530793071,-0.847501278,0,0.847501278,0.530793071,0,-0,0,0.999999881],"scale":0.949544847,"type":"tree_beech_forest_a"}
{"pos":[-104.726486,-376.846313,103.207909],"rotationMatrix":[0.156043783,0.987750113,0,-0.987750113,0.156043783,-0,-0,0,0.999999881],"scale":0.952041447,"type":"tree_beech_forest_a"}
{"pos":[-140.198883,-374.197479,103.331451],"rotationMatrix":[0.62036252,0.784315228,0,-0.784315228,0.62036252,-0,-0,0,0.999999881],"scale":0.988459468,"type":"tree_beech_forest_a"}
{"pos":[-192.592804,-365.554871,103.594711],"rotationMatrix":[0.0995046571,-0.995037019,0,0.995037019,0.0995046571,0,-0,0,0.999999881],"scale":0.96376878,"type":"tree_beech_forest_a"}
{"pos":[-213.832336,-355.298767,103.919617],"rotationMatrix":[-0.711625576,-0.702558756,0,0.702558756,-0.711625576,0,-0,0,0.999999881],"scale":1.03060973,"type":"tree_beech_forest_a"}
{"pos":[-224.807144,-320.039459,104.015541],"rotationMatrix":[0.184745714,0.982786357,0,-0.982786357,0.184745714,-0,-0,0,0.999999881],"scale":0.91483438,"type":"tree_beech_forest_a"}
{"pos":[-231.545441,-329.203033,103.097694],"rotationMatrix":[-0.186155275,0.982520223,-0,-0.982520223,-0.186155275,0,-0,0,0.999999881],"scale":0.942365527,"type":"tree_beech_forest_a"}
{"pos":[-235.525436,-324.078979,103.006767],"rotationMatrix":[-0.959648907,0.281200826,-0,-0.281200826,-0.959648907,0,-0,0,0.999999881],"scale":1.09303522,"type":"tree_beech_forest_a"}
{"pos":[-233.789566,-325.028717,103.343475],"rotationMatrix":[0.0220959615,0.99975574,0,-0.99975574,0.0220959615,-0,-0,0,0.999999881],"scale":0.956926167,"type":"tree_beech_forest_a"}
{"pos":[-93.4466858,-373.469788,103.520844],"rotationMatrix":[0.0970931351,0.995275199,0,-0.995275199,0.0970931351,-0,-0,0,0.999999881],"scale":0.911260903,"type":"tree_beech_forest_a"}
{"pos":[-127.260025,-375.415192,103.521767],"rotationMatrix":[-0.99809289,-0.0617282204,0,0.0617282204,-0.99809289,0,-0,0,0.999999881],"scale":1.04589581,"type":"tree_beech_forest_a"}
{"pos":[-209.026443,-288.217407,102.988846],"rotationMatrix":[0.917972028,0.39664498,0,-0.39664498,0.917972028,-0,-0,0,0.999999881],"scale":0.959181845,"type":"tree_beech_forest_a"}
{"pos":[-206.227676,-275.160736,101.450958],"rotationMatrix":[0.535254061,0.844691157,0,-0.844691157,0.535254061,-0,-0,0,0.999999881],"scale":1.18505561,"type":"tree_beech_forest_a"}
{"pos":[-201.212952,-270.091492,102.007568],"rotationMatrix":[0.0306292847,-0.999530733,0,0.999530733,0.0306292847,0,-0,0,0.999999881],"scale":0.96463263,"type":"tree_beech_forest_a"}
{"pos":[-196.0849,-253.567612,103.522522],"rotationMatrix":[0.181718409,-0.983350575,0,0.983350575,0.181718409,0,-0,0,0.999999881],"scale":1.1038686,"type":"tree_beech_forest_a"}
{"pos":[-194.013626,-169.61441,103.363495],"rotationMatrix":[0.999979317,0.00642563775,0,-0.00642563775,0.999979317,-0,-0,0,0.999999881],"scale":0.945402741,"type":"tree_beech_forest_a"}
{"pos":[-194.944092,-159.657959,104.422447],"rotationMatrix":[0.472093493,-0.881548345,0,0.881548345,0.472093493,0,-0,0,0.999999881],"scale":0.981114268,"type":"tree_beech_forest_a"}
{"pos":[-192.177917,-157.451706,105.007027],"rotationMatrix":[0.736416399,0.676528573,0,-0.676528573,0.736416399,-0,-0,0,0.999999881],"scale":1.13222754,"type":"tree_beech_forest_a"}
{"pos":[-194.843582,-162.217529,104.177673],"rotationMatrix":[0.56901747,0.822325408,0,-0.822325408,0.56901747,-0,-0,0,0.999999881],"scale":0.978953183,"type":"tree_beech_forest_a"}
{"pos":[-194.787842,-122.009407,102.853912],"rotationMatrix":[-0.00224765739,-0.999997377,0,0.999997377,-0.00224765739,0,-0,0,0.999999881],"scale":1.03113627,"type":"tree_beech_forest_a"}
{"pos":[-193.905624,-75.8833008,104.536011],"rotationMatrix":[0.86259681,-0.50589174,0,0.50589174,0.86259681,0,-0,0,0.999999881],"scale":1.15519965,"type":"tree_beech_forest_a"}
{"pos":[-197.977036,-72.4177094,102.414848],"rotationMatrix":[0.286429793,0.958101213,0,-0.958101213,0.286429793,-0,-0,0,0.999999881],"scale":1.13463151,"type":"tree_beech_forest_a"}
