{"pos":[1404.99133,-285.963654,127.564079],"rotationMatrix":[-0.922401845,0.386231542,-0,-0.386231542,-0.922401845,0,-0,0,0.999999881],"scale":0.905366302,"type":"tree_beech_small_c"}
{"pos":[1407.58887,-287.342163,127.955116],"rotationMatrix":[0.809281886,-0.587420285,0,0.587420285,0.809281886,0,-0,0,0.999999881],"scale":0.864672005,"type":"tree_beech_small_c"}
{"pos":[1416.23083,-300.370483,127.94249],"rotationMatrix":[0.0603277646,0.998178542,0,-0.998178542,0.0603277646,-0,-0,0,0.999999881],"scale":0.89593184,"type":"tree_beech_small_c"}
{"pos":[1439.97278,-287.278381,128.928879],"rotationMatrix":[-0.269781828,0.962921381,-0,-0.962921381,-0.269781828,0,-0,0,0.999999881],"scale":1.15993226,"type":"tree_beech_small_c"}
{"pos":[1455.01514,-125.45401,117.447441],"rotationMatrix":[-0.778936088,-0.62710315,0,0.62710315,-0.778936088,0,-0,0,0.999999881],"scale":0.967369676,"type":"tree_beech_small_c"}
{"pos":[1457.60449,-123.091766,116.452271],"rotationMatrix":[-0.00250419509,-0.999996781,0,0.999996781,-0.00250419509,0,-0,0,0.999999881],"scale":0.931421757,"type":"tree_beech_small_c"}
{"pos":[1448.57117,-162.887283,124.555214],"rotationMatrix":[0.836100578,-0.548575938,0,0.548575938,0.836100578,0,-0,0,0.999999881],"scale":1.17228067,"type":"tree_beech_small_c"}
{"pos":[1447.01099,-155.190231,123.579094],"rotationMatrix":[0.265949279,-0.963986933,0,0.963986933,0.265949279,0,-0,0,0.999999881],"scale":1.15250897,"type":"tree_beech_small_c"}
{"pos":[1446.44385,-148.76738,121.717522],"rotationMatrix":[0.253469139,0.96734345,0,-0.96734345,0.253469139,-0,-0,0,0.999999881],"scale":0.838723481,"type":"tree_beech_small_c"}
{"pos":[1406.5188,-138.722748,117.811462],"rotationMatrix":[-0.346078962,0.938205302,-0,-0.938205302,-0.346078962,0,-0,0,0.999999881],"scale":1.08767474,"type":"tree_beech_small_c"}
{"pos":[1394.27246,-144.025269,120.86496],"rotationMatrix":[0.316685736,0.948530495,0,-0.948530495,0.316685736,-0,-0,0,0.999999881],"scale":0.890855074,"type":"tree_beech_small_c"}
