{"name":"tod","class":"TimeOfDay","persistentId":"af7d80d7-a422-4e74-95e6-526936ce41ce","__parent":"sky_and_sun","position":[36.6227989,-62.5098,15.3204002],"axisTilt":10,"azimuthOverride":0,"play":false,"startTime":0.100000001,"time":0.100000001}
{"name":"theLevelInfo","class":"LevelInfo","persistentId":"4dea4eb4-5a9b-440d-8a63-aff78657e7b1","__parent":"sky_and_sun","canvasClearColor":[1,1,1,255],"enabled":"1","fogAtmosphereHeight":800,"fogColor":[0.741176009,0.815685987,0.925490022,1],"fogDensity":0.000600000028,"globalEnviromentMap":"BNG_Sky_02_cubemap","gravity":-9.81000042,"visibleDistance":4500}
{"name":"sunsky","class":"ScatterSky","persistentId":"ae61961b-a54e-4444-83b1-b1a672550153","__parent":"sky_and_sun","position":[32.2843361,-83.6304779,49.141449],"ambientScale":[0.545098007,0.545098007,0.549019992,1],"azimuth":286.698456,"colorize":[0.423528999,0.607842982,0.866666973,1],"colorizeAmount":2,"elevation":52.8186035,"exposure":15,"fadeStartDistance":1000,"flareScale":5,"flareType":"BNG_Sunflare_3","fogScale":[0.694118023,0.854902029,0.992156982,1],"lastSplitTerrainOnly":true,"logWeight":0.995999992,"mieScattering":0.000607529713,"moonLightColor":[0.196078002,0.196078002,0.196078002,1],"moonMat":"Moon_Glow_Mat","moonScale":0.0299999993,"nightColor":[0.0235293992,0.0235293992,0.0235293992,1],"nightCubemap":"BNG_Sky_Space","nightFogColor":[0.00392156979,0.00392156979,0.00392156979,1],"occlusionScale":0.0250000004,"overDarkFactor":[40000,8000,1800,650],"rayleighScattering":0.00999999978,"rotationMatrix":[0.845128715,-0.232736841,0.48123914,-0.410369933,0.294449627,0.863073766,-0.342569828,-0.926894486,0.153339624],"shadowDarkenColor":[0,0,0,0],"shadowDistance":1600,"shadowSoftness":0.200000003,"skyBrightness":11,"sunScale":[0.996078014,0.901961029,0.831372976,1],"texSize":1024,"useNightCubemap":true}
{"name":"clouds","class":"CloudLayer","persistentId":"fe21b66c-fd7d-45dc-850c-0d4ceffa2cf7","__parent":"sky_and_sun","position":[547.21698,-452.971985,609.744995],"Textures":[{"texDirection":null,"texScale":1.5,"texSpeed":0.00200000009},{"texDirection":[0.800000012,0.200000003],"texScale":3,"texSpeed":0.0250000004},{"texDirection":[0.200000003,0.5],"texScale":4,"texSpeed":0.0350000001}],"baseColor":[0.996078014,0.996078014,0.996078014,0.996078014],"coverage":0.0799999982,"exposure":1.29999995,"height":3,"texture":"levels/jungle_rock_island/art/skies/SkyNormals_05.dds","windSpeed":0.200000003}
{"name":"clouds1","class":"CloudLayer","persistentId":"f982e09a-bae0-479d-a04d-1c477e0f54aa","__parent":"sky_and_sun","position":[-1278.56006,-1211.32996,-186.731003],"Textures":[{"texDirection":null,"texScale":null,"texSpeed":0.00200000009},{"texDirection":[0.800000012,0.200000003],"texScale":2,"texSpeed":0.0250000004},{"texDirection":[0.200000003,0.5],"texScale":0.5,"texSpeed":0.0350000001}],"baseColor":[0.996078014,0.996078014,0.996078014,0.996078014],"cloneOrigin":"clouds","coverage":0.200000003,"exposure":1.29999995,"height":7,"texture":"levels/jungle_rock_island/art/skies/SkyNormals_05.dds","windSpeed":0.200000003}
